-- --------------------------------------------------------
-- 主机:                           127.0.0.1
-- 服务器版本:                        10.1.34-MariaDB - mariadb.org binary distribution
-- 服务器操作系统:                      Win32
-- HeidiSQL 版本:                  9.5.0.5196
-- --------------------------------------------------------

/*!40101 SET @OLD_CHARACTER_SET_CLIENT=@@CHARACTER_SET_CLIENT */;
/*!40101 SET NAMES utf8 */;
/*!50503 SET NAMES utf8mb4 */;
/*!40014 SET @OLD_FOREIGN_KEY_CHECKS=@@FOREIGN_KEY_CHECKS, FOREIGN_KEY_CHECKS=0 */;
/*!40101 SET @OLD_SQL_MODE=@@SQL_MODE, SQL_MODE='NO_AUTO_VALUE_ON_ZERO' */;

-- 导出  表 qiyun_cms.qiyun_article 结构
DROP TABLE IF EXISTS `qiyun_article`;
CREATE TABLE IF NOT EXISTS `qiyun_article` (
  `id` int(11) NOT NULL AUTO_INCREMENT,
  `title` varchar(200) COLLATE utf8mb4_unicode_ci DEFAULT NULL,
  `keywords` varchar(200) COLLATE utf8mb4_unicode_ci DEFAULT NULL,
  `description` varchar(200) COLLATE utf8mb4_unicode_ci DEFAULT NULL,
  `publish` int(11) DEFAULT '1',
  `origin` varchar(500) COLLATE utf8mb4_unicode_ci DEFAULT NULL,
  `user_id` int(11) NOT NULL DEFAULT '0',
  `category_id` int(11) NOT NULL DEFAULT '0',
  `create_time` int(11) NOT NULL DEFAULT '0',
  `update_time` int(11) NOT NULL DEFAULT '0',
  `content` text COLLATE utf8mb4_unicode_ci,
  PRIMARY KEY (`id`),
  KEY `FK_qiyun_article_qiyun_user` (`user_id`),
  KEY `FK_qiyun_article_qiyun_category` (`category_id`),
  CONSTRAINT `FK_qiyun_article_qiyun_category` FOREIGN KEY (`category_id`) REFERENCES `qiyun_category` (`id`) ON DELETE CASCADE ON UPDATE CASCADE,
  CONSTRAINT `FK_qiyun_article_qiyun_user` FOREIGN KEY (`user_id`) REFERENCES `qiyun_user` (`id`) ON DELETE CASCADE ON UPDATE CASCADE
) ENGINE=InnoDB AUTO_INCREMENT=120 DEFAULT CHARSET=utf8mb4 COLLATE=utf8mb4_unicode_ci;

-- 正在导出表  qiyun_cms.qiyun_article 的数据：~0 rows (大约)
DELETE FROM `qiyun_article`;
/*!40000 ALTER TABLE `qiyun_article` DISABLE KEYS */;
INSERT INTO `qiyun_article` (`id`, `title`, `keywords`, `description`, `publish`, `origin`, `user_id`, `category_id`, `create_time`, `update_time`, `content`) VALUES
	(34, 'About', '', 'aads', 1, NULL, 1, 12, 1530784748, 1531656557, '<p>aads</p>'),
	(110, '河北张家口可再生能源示范区项目筛选方案发布 2020年光伏发电规模达6GW  ', '', '示范区项目筛选工作方案》，原文件如下：一、工作背景张家口市位于我国“三北”地区交汇处，是“一带一路”中蒙俄经济走廊重要节点城市，是京津冀地区重要的生态涵养区和国家规划的新能源基地之一。依托张家口的独特优势开展可再生能源应用综合示范，对引领可再生能源创新发展，推动能源革命，促进经济落后地区转型升级，推进生态文明建设具有重要意义。为贯彻落实《京津冀协同发展规划纲要》要求，确保完成《张家口发展规划》主要', 1, 'http://guangfu.bjx.com.cn/news/20180720/914515.shtml', 1, 12, 1532084906, 1532084906, '\r\n                        <p>示范区项目筛选工作方案》，原文件如下：</p>\n<p><strong>一、工作背景</strong></p>\n<p>张家口市位于我国“三北”地区交汇处，是“一带一路”中蒙俄经济走廊重要节点城市，是京津冀地区重要的生态涵养区和国家规划的新能源基地之一。依托张家口的独特优势开展可再生能源应用综合示范，对引领可再生能源创新发展，推动能源革命，促进经济落后地区转型升级，推进生态文明建设具有重要意义。</p>\n<p>为贯彻落实《京津冀协同发展规划纲要》要求，确保完成《张家口发展规划》主要任务，尽快将张家口市可再生能源示范区(以下简称“示范区”)打造成深化能源体制机制改革和推动能源消费革命的标杆区、京津冀协同发展的窗口区、河北省绿色发展的先导区，为河北乃至全国能源体制改革积累经验,提供示范，以“技术先进、模式创新、绿色示范”为目标，坚持“统筹协调，优中选优”的基本原则，在统筹考虑示范区可再生能源发电项目消纳能力的情况下，建立适用于示范区的可再生能源发电项目筛选及运行监测评估机制，充分做好示范区可再生能源发电项目的管理，促进示范区顺利实施，特制定本工作方案。</p>\n<p><strong>二、基本情况</strong></p>\n<p>张家口可再生能源示范区自2015年7月获国务院批准设立起，先后推出了《河北省张家口市可再生能源示范区发展规划》、《可再生能源示范区建设行动计划(2015-2017年)》等一系列规划或指导文件，规划到2020年，风电装机规模达到1300万千瓦，规模达到600万千瓦。近几年张家口市结合示范区定位及相关规划先后推动了张家口风电基地三期、张家口光伏廊道的规划建设。</p>\n<p>截至2017年底，张家口市风电已安排规模为1627万千瓦，已超出2020年规划目标(1300万千瓦);光伏发电已安排规模为435万千瓦，距离2020年规划目标(600万千瓦)还有一定空间。</p>\n<p>张家口可再生能源建设已取得巨大成就，但随着大气污染防治行动计划的全面实施及电源结构性矛盾的加剧，地方推动新能源产业发展的动力与电网消纳能力的矛盾日益凸显，成为示范区可再生能源的进一步发展需重点关注要素。当前，做好可再生能源电源项目建设和并网友好协调发展，以及推动技术进步是促进张家口市可再生能源产业健康发展的当务之急。一方面应着力提高可再生能源项目自身技术先进性和经济竞争性，另一方面应加快协调解决可再生能源项目并网消纳和送出问题。</p>\n<p><strong>三、工作目标</strong></p>\n<p>根据《国家能源局综合司关于做好张家口可再生能源示范区项目建设管理有关工作的通知》(国能综通新能〔2018〕54号)的要求，结合张家口市可再生能源发展基本情况及示范区2020年规划目标，开展示范区可再生能源发电项目筛选工作。本次项目筛选工作将在不超过示范区2020年光伏规划目标的前提下，以《河北省发展和改革委员会关于呈报张家口市可再生能源示范区推进示范工程建设实施方案的请示》(冀发改能源〔2017〕552号)所申报的20个示范工程项目、基于百兆瓦压缩空气储能系统的综合能源应用示范项目及涿鹿县可脱网运行的100%可再生能源多能互补黄帝城示范小镇项目为基础，对具备接入条件的项目，综合项目已开展前期工作深度、技术与产业先进性、项目创新性及示范性等因素进行筛选排序，并结合《河北省张家口市可再生能源示范区发展规划》规划目标及电网相关规划，合理确定可实施项目及其开发规模、开发时序，提出示范区可再生能源发电项目实施方案。在明确示范区建设和运行监测评估机制后，有序推进示范区可再生能源发电项目的建设，提高示范区可再生能源利用水平。</p>\n<p><strong>四、工作原则</strong></p>\n<p>(一)公平竞争、项目优选</p>\n<p>建立示范区可再生能源发电项目筛选体系，营造比学赶超的市场化竞争氛围。针对各能源品种特性，采用技术类和经济类等筛选指标，纵向分类，横向比较，评判项目前期工作深度、工程设计方案、技术先进程度、项目方案合理性、成本效益，遴选出一批技术先进、成本优化的示范项目，促进科技创新成果转化，发挥市场在资源配置中的决定性作用。</p>\n<p>(二)创新驱动、维度升级</p>\n<p>建立强调技术创新、模式创新、体制机制创新的筛选方法，在筛选过程中，不仅考虑单体项目的技术可行性和经济合理性;同时，应从先进技术引领、绿色转型示范、京津冀能源协同发展等多维度评判项目先进性、创新性和示范性，提升可再生能源发展质量。</p>\n<p>(三)规划引领、分步实施</p>\n<p>根据《河北省张家口市可再生能源示范区发展规划》，规划期为2015—2030 年，其中近期为2015—2020 年，2020年可再生能源建设规模达到2000万千瓦，本筛选方案暂适用于近期2018—2020 年新建项目筛选工作。</p>\n<p><strong>五、工作程序</strong></p>\n<p>(一)筛选主体</p>\n<p>在《河北省发展和改革委员会关于呈报张家口市可再生能源示范区推进示范工程建设实施方案的请示》(冀发改能源〔2017〕552号)所申报的20个示范工程项目、基于百兆瓦压缩空气储能系统的综合能源应用示范项目及涿鹿县可脱网运行的100%可再生能源多能互补黄帝城示范小镇项目中，对国网冀北电力有限公司在《国网冀北电力有限公司关于对张家口市可再生能源示范区示范项目电网接入系统条件的复函》、《国网冀北电力有限公司关于对张家口市可再生能源示范区新增示范项目电网接入系统条件确认的复函》、《国网冀北电力有限公司关于支持张家口市涿鹿县可脱网运行的100%可再生能源多能互补黄帝城示范小镇建设的复函》中确认的13个项目进行筛选排序。项目清单见附件。</p>\n<p>(二)筛选工作流程</p>\n<p>确认项目筛选工作方案→公开发布筛选文件→企业编制并递交申报材料→项目筛选排序→确定实施方案。各步骤依次为：</p>\n<p>1. 确认项目筛选工作方案</p>\n<p>河北省发展改革委确认项目筛选工作方案，并将确认的项目筛选工作方案报备国家能源局。此外，由张家口市发展改革委在张家口市人民政府网站(网址：http://www.zjk.gov.cn/)对项目筛选工作方案予以发布，水电总院予以转发(网址：www.creei.com.cn)。</p>\n<p>2. 公开发布筛选文件</p>\n<p>水电总院根据河北省发展改革委确认的项目筛选工作方案，研究编制包括申报资格、评分标准、申报企业须知、资料格式等要求的项目筛选文件。由张家口发展改革委在张家口市人民政府网站发布项目筛选公告，水电总院予以转发，具备申报资格的企业可向水电总院报名，购买项目筛选文件，参与项目筛选。</p>\n<p>3. 企业编制并递交申报材料</p>\n<p>申报企业应按筛选文件要求编制对应项目申报文件，在指定时间和地点递交申报文件。具体申报文件递交要求将在递交申报文件前另行通知。</p>\n<p>4. 项目筛选排序</p>\n<p>项目筛选排序工作自企业递交申报文件截止后开始。筛选排序具体分为两个阶段，第一阶段为合格性评审，第二阶段为详细评审。</p>\n<p>(1)合格性评审</p>\n<p>合格性评审主要审核申报项目是否在筛选项目清单中、各申报投资企业递交的材料是否完整。</p>\n<p>(2)详细评审</p>\n<p>通过合格性评审的申报项目由专家根据评分标准进行客观评分并排序。</p>\n<p>5. 确定实施方案</p>\n<p>结合《河北省张家口市可再生能源示范区发展规划》规划目标、电网相关规划，以及张家口市可再生能源电力送出和消纳方案，依据专家筛选排序结果，由张家口市发展改革委提出项目实施方案，报河北省发展改革委审定后，由河北省发展改革委公示(网址：www.hbdrc.gov.cn)，公示时间为5天。公众如对公示内容有异议，需在公示期间以实名书面写明事实依据和理由，反馈河北省发展改革委。实施方案确定后由河北省发展改革委报备国家能源局。</p>\n<p><strong>六、项目筛选标准</strong></p>\n<p>(一)项目基本要求</p>\n<p>结合《河北省张家口市可再生能源示范区发展规划》及《河北省发展和改革委员会关于呈报张家口市可再生能源示范区推进示范工程建设实施的请示》，按照“先进性、创新性、示范性”的原则，本次示范工程项目应满足以下条件：</p>\n<p>1. 申报企业应与具备筛选资格项目清单中的开发业主相对应，且不得变更。开发业主为联合体的，应明确各方权益比例，同时需有绝对控股方(业绩按权益考核)，联合体入选后按申报权益比例注册合资公司，合资比例不得调整。</p>\n<p>2.申报企业应承诺项目整个建设经营期不得进行变更和转让。</p>\n<p>3.申报企业应承诺按照“先进性、创新性、示范性”的原则，严格按照项目建设方案有关工程技术指标实施项目建设，做好项目验收和运行工作，并接受相关方的监督和检查。</p>\n<p>4.项目已开展土地利用、林地、环保、压矿、文物等颠覆性因素排查，不得位于基本农田、生态红线范围、自然保护区和国家规定其他不允许建设的范围。对于已取得相关职能部门支持性文件的优先考虑。</p>\n<p>5.入选项目应承诺按照示范区可再生能源发电项目实施方案的时间及规模要求如期开展工作。对于未能如期开展工作的企业，取消其规模配置，此外该企业不得参与后续张家口市的可再生能源项目竞争或优选工作。</p>\n<p>6.入选项目中涉及的风电建设规模，在2020年前建成的，按平价上网安排;在2020年后建成的，届时根据可安排建设规模统筹安排。</p>\n<p>7.入选项目中各类电源承诺申报电价若高于项目并网时张家口地区对应电源上网电价标准，则应按照当地最新对应电源电价政策执行。其中,项目中涉及的风电建设规模,如企业计划在2020年前建成并网,则上网电价不应高于张家口地区脱硫煤电标杆上网电价。</p>\n<p>8.申报企业应承诺支付筛选工作技术服务费用。</p>\n<p>9.申报企业应承诺配合国家可再生能源信息管理中心做好运行监测，并根据国家可再生能源信息管理中心制定的监测评估机制及时报送数据。</p>\n<p>(二)项目筛选要素</p>\n<p>参与筛选工作的项目筛选评分标准见表1。</p>\n<p><img width="600" height="741" alt="" src="/data/remote/e8013d6727e95526369c1e91bd9f841c.jpg"></p>\r\n                     '),
	(111, '广东电网关于做好分布式光伏补贴相关工作的通知  ', '', '补贴相关工作的通知》。《通知》表示，目前，新增并网投运的分布式光伏项目存在着不能纳入国家补贴目录的风险，具体的政策实施方案还待下一步明确，为做好光伏并网服务、补贴结算等方面工作，降低业务风险，现将有关事项通知如下：一、存量光伏部分(一)对于5月31日(含)前并网投运的分布式光伏项目，按照原有要求做好相关工作。(二)对于6月1日至发文之日前（7月17日）并网投运的分布式光伏项目，公司仍需进一步讨论方', 1, 'http://guangfu.bjx.com.cn/news/20180720/914489.shtml', 1, 12, 1532084907, 1532084907, '\r\n                        <p>补贴相关工作的通知》。《通知》表示，目前，新增并网投运的分布式光伏项目存在着不能纳入国家补贴目录的风险，具体的政策实施方案还待下一步明确，为做好光伏并网服务、补贴结算等方面工作，降低业务风险，现将有关事项通知如下：</p>\n<p><strong>一、存量光伏部分</strong></p>\n<p>(一)对于5月31日(含)前并网投运的分布式光伏项目，按照原有要求做好相关工作。</p>\n<p>(二)对于6月1日至发文之日前（7月17日）并网投运的分布式光伏项目，公司仍需进一步讨论方案，待确定后另行通知。</p>\n<p><strong>二、新增光伏部分</strong></p>\n<p>(一)对于发文之日起申请并网的分布式光伏项目，各地市局业务受理人员要做好客户沟通解释工作，在并网受理环节告知客户最新光伏政策并签署《分布式光伏项目国家补贴政策告知书》(见附件1)，让客户了解申请并网的分布式光伏项目存在不能纳入国家补贴目录的风险。客户服务中心应修编光伏95598问答指引(见附件2)，制定应答口径，做好客户咨询解释工作。</p>\n<p>(二)对于发文之日起并网投运的分布式光伏项目，各单位继续照常做好补贴申报工作，项目能否纳入国家补贴目录以国家批复为准。</p>\n<p>分布式光伏发电项目国家补贴政策告知书</p>\n<p>尊敬的分布式光伏发电项目客户：</p>\n<p>为保证您的合法权益，请您在办理分布式光伏发电项目并网前，仔细阅读以下内容：</p>\n<p>根据国家发展改革委、财政部、国家能源局联合发文《关于2018年光伏发电有关事项的通知》(发改能源[2018]823号)的文件精神，提出了优化光伏发电新增建设规模、加快光伏发电补贴退坡、降低补贴强度等要求，具体如下：</p>\n<p>一、根据行业发展实际，暂不安排2018年普通光伏电站建设规模，在国家未下发文件启动普通电站建设工作前，各地不得以任何形式安排需国家补贴的普通电站建设。</p>\n<p>二、规范分布式光伏发展。今年安排1000万千瓦左右规模用于支持分布式光伏项目建设。考虑今年分布式光伏已建情况，明确各地5月31日(舍)前并网的分布式光伏发电项目纳入国家认可的规模管理范围，未纳入国家认可规模管理范围的项目，由地方依法予以支持，</p>\n<p>三，自5月31日起，新投运的光伏电站标杆上网电价每千瓦时统一降低0.05元，I类，I1类，I11类资源区标杆上网电价分别调整为每千瓦时0.5元，0,6元，0,7元(含税)。</p>\n<p>四、自5月31日起，新投运的，采用“自发自用。余电上网”模式的分布式光伏发电项目，全电量度电补贴标准降低0.05元，即补贴标准调整为每千瓦时0.32元(含税)，采用“全额上网”模式的分布式光伏发电项目按所在资源区光伏电站价格执行.</p>\n<p>依据光伏最新政策要求，6月1日起并网投运的分布式光伏项目存在不能纳入国家认可规模管理范围的风险，即并网投运的分布式光伏项目存在没有国家补贴的风险。</p>\n<p>我局会继续以客户为中心，做好项目的并网，并按照政府规定申报国家补贴。因电网企业不具有审批国家补贴项目的权利，项目能否纳入国家补贴目录以国家批复为准。如该项目纳入了国家补贴目录，我局在收到国家下拨的补贴后会及时通知您并按要求转付补贴。</p>\n<p>感谢您仔细阅读，我们将竭诚为您提供优质的服务。</p>\n<p>广东电网有限责任公司XX供电局</p>\n<p>客户声明:本人/企业已详细阅读和理解本告知书.</p>\n<p>(客户签章)---------------------</p>\n<p>年月日</p>\n<p>原文如下：</p>\n<p style="text-align: center"><img alt="" width="500" height="653" src="/data/remote/e8013d6727e95526369c1e91bd9f841c.jpeg"></p>\n<p style="text-align: center"><img alt="" width="500" height="711" src="/data/remote/e8013d6727e95526369c1e91bd9f841c.jpeg"></p>\n<p style="text-align: center"><img alt="" width="500" height="889" src="/data/remote/e8013d6727e95526369c1e91bd9f841c.jpg"></p>\n<p style="text-align: center"><img alt="" width="500" height="750" src="/data/remote/e8013d6727e95526369c1e91bd9f841c.jpeg"></p>\n<p style="text-align: center"><img alt="" width="500" height="743" src="/data/remote/e8013d6727e95526369c1e91bd9f841c.jpeg"></p>\n<p style="text-align: center"> </p>\r\n  <p>\r\n  \r\n  </p>\r\n                      '),
	(112, '甘肃省发布光伏扶贫实施细则  ', '', ':各市、自治州人民政府，兰州新区管委会，省政府各部门，中央在甘有关单位：省发展改革委制定的《甘肃省实施细则》已经省政府同意，现转发给你们，请结合实际，认真贯彻执行。甘肃省人民政府办公厅2018年7月16日（此件公开发布）甘肃省光伏扶贫实施细则（省发展改革委）第一章总则第一条为规范我省光伏扶贫电站建设、运行和管理，持续带动农村贫困人口增收，支持贫困村增加集体经济收入，根据国家发展改革委等5部门《关于', 1, 'http://guangfu.bjx.com.cn/news/20180719/914351.shtml', 1, 12, 1532084907, 1532084907, '\r\n                        <p>:各市、自治州人民政府，兰州新区管委会，省政府各部门，中央在甘有关单位：</p>\n<p>省发展改革委制定的《甘肃省实施细则》已经省政府同意，现转发给你们，请结合实际，认真贯彻执行。</p>\n<p>甘肃省人民政府办公厅</p>\n<p>2018年7月16日</p>\n<p>（此件公开发布）</p>\n<p style="text-align: center"><strong>甘肃省光伏扶贫实施细则</strong></p>\n<p style="text-align: center"><strong>（省发展改革委）</strong></p>\n<p><strong>第一章 总则</strong></p>\n<p><strong>第一条 </strong>为规范我省光伏扶贫电站建设、运行和管理，持续带动农村贫困人口增收，支持贫困村增加集体经济收入，根据国家发展改革委等5部门《关于实施光伏发电扶贫工作的意见》（发改能源〔2016〕621号）和国家能源局、国务院扶贫办印发的《光伏扶贫电站管理办法》（国能发新能〔2018〕29号）、国务院扶贫办印发的《村级光伏扶贫电站收益分配管理办法》（国开办发〔2017〕61号）等规定，结合我省实际，制定本实施细则。</p>\n<p><strong>第二条</strong> 光伏扶贫电站是以扶贫为目的，在具备光伏扶贫实施条件的地区，利用政府性资金投资建设的光伏电站，其产权归村集体所有，全部收益用于扶贫。</p>\n<p><strong>第三条</strong> 本实施细则适用于国家下达我省的“十三五”光伏扶贫电站项目。</p>\n<p><strong>第四条 </strong>光伏扶贫对象为列入国家光伏扶贫实施范围的建档立卡贫困村的建档立卡贫困户，优先扶持深度贫困地区和弱劳动能力贫困人口。</p>\n<p><strong>第五条</strong> 光伏扶贫项目建设和管理遵循“省级指导、市州协调、县级负责、政策扶持、技术规范、注重实效”的思路，由县级政府作为实施主体，按照“规划、设计、施工、验收、运维”五统一的原则实施。有条件的地区可由市州统一开展设备采购及建设工程招标工作。</p>\n<p><strong>第六条</strong> 光伏扶贫电站由各地根据财力可能筹措资金建设，不得负债建设，企业不得投资入股。</p>\n<p><strong>第七条</strong> 在有条件的地区，鼓励采取农光、牧光、渔光等复合方式实施项目，以提高土地利用率和扶贫效益。</p>\n<p><strong>第八条</strong> 甘肃省光伏扶贫工作领导小组负责全省光伏扶贫项目的规划指导和监督管理；省发展改革委、省扶贫办负责的组织指导、统筹协调、项目督办和扶贫效果监督；省电力公司负责光伏扶贫电站电力接入和并网运行；市州政府负责本区域内光伏扶贫项目的综合协调服务、项目建设督促等；县市区政府负责落实光伏扶贫电站各项建设条件，组织实施光伏扶贫电站建设、运维与管理，做好光伏扶贫收益分配。</p>\n<p><strong>第二章 规模计划申报和下达</strong></p>\n<p><strong>第九条</strong> 光伏扶贫电站原则上应在建档立卡贫困村按照村级电站方式建设。根据当地实际情况，确有必要并经充分论证后可以联建方式建设村级电站。</p>\n<p><strong>第十条</strong> 村级光伏扶贫电站规模根据帮扶的贫困户数量按户均5千瓦左右配置，最大不超过7千瓦，单个电站规模原则上不超过300千瓦，具备就近接入和消纳条件的可放宽至500千瓦。村级联建电站外送线路电压等级不超过10千伏，建设规模不超过6000千瓦。</p>\n<p><strong>第十一条</strong> 以县市区为单元编制光伏扶贫实施方案，实施方案应包括光伏扶贫项目的目标任务、贫困村和贫困户情况、建设模式、建设规模、建设条件、电网接入条件、资金筹措、运营管理、效益分析、收益分配等内容。实施方案编制要做到“五落实”，即项目建设资金落实、项目用地落实、扶贫对象落实、电网接入落实、就地消纳落实，同时也要充分考虑其他建设条件。</p>\n<p><strong>第十二条 </strong>各县市区要合理确定纳入光伏扶贫范围的贫困村、贫困户数量，并结合本级资金筹措能力和当地的光照资源、土地、电网接入、消纳能力等条件，合理确定光伏扶贫项目建设规模。</p>\n<p><strong>第十三条</strong> 各县市区光伏扶贫实施方案编制完成后，由所在市州发展改革委（能源局）和扶贫办负责汇总上报省发展改革委、省扶贫办。省发展改革委、省扶贫办对实施方案审核后，编制全省光伏扶贫实施方案并向国家能源局、国务院扶贫办上报项目计划。</p>\n<p><strong>第十四条</strong> 国家能源局、国务院扶贫办下达光伏扶贫项目计划后，省发展改革委、省扶贫办要及时予以转下达；转下达时，要根据全省脱贫攻坚工作部署，确定分年度建设任务。</p>\n<p><strong>第三章 项目建设和竣工验收</strong></p>\n<p><strong>第十五条 </strong>县级政府要利用好国家和省上相关政策，落实光伏扶贫电站建设资金、建设场址和用地、电力接入等建设条件。</p>\n<p><strong>第十六条</strong> 县级政府可统筹包括各级财政资金以及东西协作、定点帮扶、社会捐赠资金、省上安排的省级专项补助资金等用于支持各地光伏扶贫项目建设。在安排省级补助资金时，对深度贫困地区予以倾斜支持。根据《甘肃省人民政府办公厅关于进一步加大资金投入扶持产业发展确保打赢脱贫攻坚战的通知》（甘政办发〔2018〕103号），所有中央、省、市、县安排的财政专项扶贫资金和70%以上的整合涉农资金都要安排用于建档立卡贫困户到户到人扶持项目，其中70%以上的到户资金，原则上要用于“一户一策”工作梳理出来的种养业和光伏扶贫等产业增收项目。</p>\n<p><strong>第十七条</strong> 村级光伏扶贫电站的建设场址所用土地不得属于土地使用税、耕地占用税的征收范围，不得占用永久基本农田，并符合《国土资源部国务院扶贫办国家能源局关于支持光伏扶贫和规范光伏发电产业用地的意见》（国土资规〔2017〕8号）规定。</p>\n<p><strong>第十八条 </strong>村级光伏扶贫电站选址时应有当地电网公司参与，确保项目具备基本接入条件或以最优方式接入，避免引起现有农网配电设施大量改造，造成电网建设改造重复投资。电站建设应包括电站本体以及接网点以下的内部电网工程。村级电站集群接入电网规划设计的基本原则、接入系统分析和接入系统规划等技术条件应符合《村镇光伏发电站集群接入电网规划设计导则》（GB/T36117—2018）规定。接入方案纳入县市区光伏扶贫实施方案中统一委托编制。</p>\n<p><strong>第十九条 </strong>省电力公司负责建设配套接入电网工程，将光伏扶贫电站接网工程优先纳入电网改造升级计划，确保村级扶贫电站和接入电网工程同步建成投产。</p>\n<p><strong>第二十条</strong> 县市区有关部门参考可行性研究报告的相关内容要求编制项目实施方案，深度达到初步设计，并征求电网企业接网意见后，按照市州政府投资项目管理办法的相关规定进行审批。</p>\n<p><strong>第二十一条</strong> 光伏扶贫电站建设应符合国家相关规程规范和技术要求，确保质量与安全。村级电站的电站设计、施工安装、调试验收、运行维护应符合《精准扶贫村级光伏电站技术导则》（GB/T36115—2018）规定。各地要坚持优中选优的原则，通过公开招标等方式选择光伏行业实力较强、业绩优良、信誉良好项目承建单位。为便于项目管理，原则上每个县市区确定1—2家中标企业承担“十三五”期间光伏扶贫项目建设任务，鼓励采用设计施工采购（EPC）总承包方式统一开展县域内村级电站建设。</p>\n<p><strong>第二十二条 </strong>光伏组件、逆变器等主要设备应采用国家资质检测认证机构认证的产品，鼓励采用达到“领跑者”技术指标的先进技术。</p>\n<p><strong>第二十三条</strong>  各地电网公司从正式受理接入申请开始，0.4千伏及以下电压等级接入的光伏扶贫电站在1个月内完成并网工作，10千伏电压等级接入的光伏扶贫电站在6个月内完成并网工作。</p>\n<p><strong>第二十四条</strong> 各市州根据国家光伏发电工程施工规范相关要求进行光伏扶贫电站分步分项的工程验收。设备技术质量的验收可委托具备相关资质的第三方机构承担。工程验收合格后，由省发展改革委、省扶贫办组织进行总体验收，并根据验收情况出具验收结论。</p>\n<p><strong>第二十五条</strong> 村级光伏扶贫电站总体验收主要内容包括项目帮扶贫困户信息的准确性和完整性、项目规模与扶贫任务的匹配性、项目接入电网和电网消纳的适应性、项目投入资金与实施方案的一致性、项目收益分配方案的合理性、项目招标管理的规范性。</p>\n<p><strong>第二十六条 </strong>省发展改革委、省扶贫办根据光伏扶贫政策要求对各县市区光伏扶贫电站进行评估，并将总体验收和评估情况形成书面报告报送国家能源局和国务院扶贫办。</p>\n<p><strong>第二十七条</strong> 光伏扶贫电站项目计划下达后，对于1年内未开工建设、验收不合格且未按期整改的项目撤回计划，并予以通报。</p>\n<p><strong>第四章 电站运行和管理</strong></p>\n<p><strong>第二十八条 </strong>村级光伏扶贫电站以县为单元进行集中运维管理。县级政府要运用市场化方式委托专业机构承担光伏扶贫电站的运行和维护，保障光伏扶贫项目长期有效运行和贫困户长期稳定受益。有条件的县级政府可以财政资金支付土地流转费（租赁费）、运维费，也可从村级光伏电站项目收益中提取。</p>\n<p><strong>第二十九条</strong> 村级光伏扶贫电站运维单位应优先雇佣当地有劳动能力的建档立卡贫困户参与电站的日常维护（包括场站看护、巡视、光伏组件清理、场地清扫等工作）。</p>\n<p><strong>第三十条</strong> 光伏扶贫电站不参与竞价，执行国家制定的光伏扶贫价格政策。联村建设的光伏扶贫电站，由县市区将资产确权至各村集体后，按村级光伏扶贫电站电价执行。</p>\n<p><strong>第三十一条 </strong>光伏扶贫电站实行目录管理。省发展改革委、省扶贫办按照国家要求建立光伏扶贫电站目录。纳入目录的，享受光伏扶贫电站政策。光伏扶贫电站有关信息统一纳入国家可再生能源信息管理平台。</p>\n<p><strong>第三十二条 </strong>省电力公司负责制定统一的光伏扶贫项目接入和电费结算流程图，确保项目及时完成电力接入和电费结算。省电力公司要保障光伏扶贫项目优先调度与全额消纳，并及时结算电费和转拨国家补贴资金。</p>\n<p><strong>第五章 补贴发放和收益分配</strong></p>\n<p><strong>第三十三条</strong> 光伏扶贫电站优先纳入可再生能源补助目录，补助资金优先发放，原则上年度补助资金于次年一季度前发放到位。</p>\n<p><strong>第三十四条 </strong>省扶贫办负责扶贫对象的识别认定和村级光伏扶贫电站收益分配使用的监督管理。</p>\n<p><strong>第三十五条</strong> 光伏扶贫电站收益分配与使用执行国务院扶贫办《村级光伏扶贫电站收益分配管理办法》，省扶贫办负责制定村级光伏扶贫电站收益分配管理实施办法。</p>\n<p><strong>第六章 附则</strong></p>\n<p><strong>第三十六条</strong> 各级发展改革、扶贫部门负责会同相关部门加强光伏扶贫项目建设、工程质量、资金管理、收益分配、项目竣工验收等的监督检查。监察、审计部门对光伏扶贫项目中出现的各类违规违纪违法问题从严查处并追究责任。</p>\n<p><strong>第三十七条</strong> 省发展改革委、省扶贫办、省电力公司负责组织市、县有关部门和单位人员开展光伏扶贫政策宣讲培训。市、县发展改革、扶贫部门负责向有关乡村干部和相关贫困户宣传光伏扶贫相关政策。</p>\n<p><strong>第三十八条</strong> 本实施细则自发布之日起施行。</p>\r\n  <p>\r\n  原标题:甘肃省发布光伏扶贫实施细则\r\n  </p>\r\n                      '),
	(113, '重磅！国家发改委推进光伏参与市场化交易  ', '', ':近日，国家发展改革委、国家能源局下发《关于积极推进电力市场化交易进一步完善交易机制的通知》（以下简称通知）。通知指出，为促进清洁能源消纳，支持电力用户与水电、风电、太阳能发电、核电等清洁能源发电企业开展市场化交易。抓紧建立清洁能源配额制，地方政府承担配额制落实主体责任，电网企业承担配额制实施的组织责任，参与市场的电力用户与其他电力用户均应按要求承担配额的消纳责任，履行清洁能源消纳义务。通知明确在', 1, 'http://guangfu.bjx.com.cn/news/20180718/913993.shtml', 1, 12, 1532084908, 1532084908, '\r\n                        <p>:近日，国家发展改革委、国家能源局下发《关于积极推进电力市场化交易进一步完善交易机制的通知》（以下简称通知）。通知指出，为促进清洁能源消纳，支持电力用户与水电、风电、太阳能发电、核电等清洁能源发电企业开展市场化交易。抓紧建立清洁能源配额制，地方政府承担配额制落实主体责任，电网企业承担配额制实施的组织责任，参与市场的电力用户与其他电力用户均应按要求承担配额的消纳责任，履行清洁能源消纳义务。</p>\n<p>通知明确在确保供电安全的前提下，完善和创新交易规则，推进规划内的风电、太阳能发电等可再生能源在保障利用小时数之外参与直接交易、替代火电发电权交易及跨省跨区现货交易试点等，通过积极参与市场化交易，增加上网电量，促进消纳。各地要结合实际合理确定可再生能源保障利用小时数，做好优先发电保障和市场化消纳的衔接。</p>\n<p>此外，有序开展分布式发电市场化交易试点工作，参与交易的应科学合理确定配电电价。</p>\n<p>2018年放开煤炭、钢铁、有色、建材等4个行业电力用户发用电计划，全电量参与交易，并承担清洁能源配额。</p>\n<p><strong>政策原文如下：</strong></p>\n<p><strong>发改运行〔2018〕1027号</strong></p>\n<p><strong>各省、自治区、直辖市发展改革委、经信委（工信委、工信厅）、能源局、物价局，国家能源局各派出能源监管机构，国家电网有限公司、中国南方电网有限责任公司，中国华能集团有限公司、中国大唐集团有限公司、中国华电集团有限公司、国家电力投资集团有限公司、中国长江三峡集团有限公司、国家能源投资集团有限责任公司、国家开发投资集团有限公司、中国核工业集团有限公司、中国广核集团有限公司、华润集团有限公司：</strong></p>\n<p>习近平总书记在中央经济工作会议上强调指出，2018年要加快电力市场建设，大幅提高市场化交易比重。李克强总理在政府工作报告中提出加快要素价格市场化改革。为全面贯彻党的十九大和十九届二中、三中全会精神，以习近平新时代中国特色社会主义思想为指导，认真落实中央经济工作会议和政府工作报告各项部署，继续有序放开发用电计划，加快推进电力市场化交易，完善直接交易机制，深化电力体制改革，现就有关事项通知如下。</p>\n<p><strong>一、提高市场化交易电量规模</strong></p>\n<p>（一）各地要总结电力市场化交易工作经验，结合实际，进一步加快推进电力体制改革，加快放开发用电计划，加快放开无议价能力用户以外的电力用户参与交易，扩大市场主体范围，构建多方参与的电力市场，大幅提高市场化交易电量规模，统筹协调好扩大市场化交易规模和放开发用电计划。开展电力现货市场试点地区，可根据实际设计发用电计划改革路径。</p>\n<p>（二）各地应结合实际，统筹发用电侧放开节奏，做好供需总量平衡，进一步明确放开各类发电企业、电力用户和售电企业进入市场的时间，明确放开比例，制定具体工作方案，并进一步完善和规范参与市场化交易的发电企业、电力用户和售电企业等市场主体准入标准、准入程序和退出机制，向社会公布。</p>\n<p>（三）各地要取消市场主体参与跨省跨区电力市场化交易的限制，鼓励电网企业根据供需状况、清洁能源配额完成情况参与跨省跨区，首先鼓励跨省跨区网对网、网对点的直接交易，对有条件的地区，有序支持点对网、点对点直接交易，促进资源大范围优化配置和清洁能源消纳。北京、广州两个电力交易中心要积极创造条件，完善规则，加强机制建设，搭建平台，组织开展跨省跨区市场化交易。</p>\n<p>（四）<strong>为促进清洁能源消纳，支持电力用户与水电、风电、太阳能发电、核电等清洁能源发电企业开展市场化交易。抓紧建立清洁能源配额制，地方政府承担配额制落实主体责任，电网企业承担配额制实施的组织责任，参与市场的电力用户与其他电力用户均应按要求承担配额的消纳责任，履行清洁能源消纳义务。</strong></p>\n<p><strong>二、推进各类发电企业进入市场</strong></p>\n<p>（一）加快放开煤电机组参与电力直接交易，《中共中央国务院关于进一步深化电力体制改革的若干意见》（中发〔2015〕9号）文件颁布实施后核准的煤电机组，原则上不再安排发电计划，投产后一律纳入市场化交易，鼓励支持环保高效特别是超低排放机组通过电力直接交易和科学调度多发电。</p>\n<p>（二）在统筹考虑和妥善处理电价交叉补贴的前提下，有序放开水电参与电力市场化交易。消纳不受限地区，根据水电站多年平均或上年实际发电能力，综合考虑外送和本地消纳，安排优先发电计划，在保障优先发电优先购电的基础上，鼓励水电积极参与电力市场化交易。水电比重大或消纳受限地区，可根据实际情况有序放开水电，扩大水电参与市场化交易比例。进一步完善优先发电优先购电制度，建立水电等优质电源优先采购机制，提升对居民、农业等优先购电用户的保障能力。</p>\n<p>（三）<strong>在确保供电安全的前提下，完善和创新交易规则，推进规划内的风电、太阳能发电等可再生能源在保障利用小时数之外参与直接交易、替代火电发电权交易及跨省跨区现货交易试点等，通过积极参与市场化交易，增加上网电量，促进消纳。各地要结合实际合理确定可再生能源保障利用小时数，做好优先发电保障和市场化消纳的衔接。</strong></p>\n<p>（四）拥有燃煤自备电厂的企业按照国家有关规定承担政府性基金及附加、政策性交叉补贴、普遍服务和社会责任，取得电力业务许可证，达到能效、环保要求，成为合格市场主体后，有序推进其自发自用以外电量按交易规则参与交易。为促进和鼓励资源综合利用，对企业自发自用的余热、余压、余气发电等资源综合利用机组，继续实施减免系统备用费和政策性交叉补贴等相关支持政策。</p>\n<p>（五）在保证安全的情况下，稳妥有序推进核电机组进入市场，在保障优先发电计划外，鼓励核电机组通过参与交易实现多发。</p>\n<p>（六）<strong>有序开展分布式发电市场化交易试点工作，参与交易的应科学合理确定配电电价。</strong></p>\n<p>（七）参与交易的发电企业，其项目的单位能耗、环保排放、并网安全应达到国家和行业标准。不符合国家产业政策、节能节水指标未完成、污染物排放未达到排放标准和总量控制要求、违规建设、未取得电力业务许可证（依法豁免许可的除外）等发电企业不得参与。</p>\n<p><strong>三、放开符合条件的用户进入市场</strong></p>\n<p>（一）在确保电网安全、妥善处理交叉补贴和公平承担清洁能源配额的前提下，有序放开用户电压等级及用电量限制，符合条件的10千伏及以上电压等级用户均可参与交易。支持年用电量超过500万千瓦时以上的用户与发电企业开展电力直接交易。2018年放开煤炭、钢铁、有色、建材等4个行业电力用户发用电计划，全电量参与交易，并承担清洁能源配额。</p>\n<p>（二）支持高新技术、互联网、大数据、高端制造业等高附加值的新兴产业以及各地明确的优势特色行业、技术含量高的企业参与交易，可不受电压等级及用电量限制。</p>\n<p>（三）支持工业园区、产业园区和经济技术开发区等整体参与交易，在园区内完成电能信息采集的基础上，可以园区为单位，成立售电公司，整体参与市场化交易。园区整体参与交易的偏差电量，可探索建立在园区企业中余缺调剂和平衡的机制。</p>\n<p>（四）条件允许地区，大工业用户外的商业企业也可放开进入市场，可先行放开用电量大、用电稳定的零售、住宿和餐饮服务行业企业（例如酒店、商场等），并逐步放开商务服务、对外贸易及加工、金融、房地产等企业参与交易。</p>\n<p>（五）在制定完善保障措施的条件下，稳妥放开铁路、机场、市政照明、供水、供气、供热等公共服务行业企业参与交易。</p>\n<p>（六）结合电力市场建设进度，鼓励和允许优先购电的用户本着自愿原则，进入市场。</p>\n<p>（七）各地可以结合实际情况，自行确定用户电压等级及用电量限制，扩大放开的范围，新增大工业用户原则上通过参与交易保障供电。参与市场交易的电力用户，其单位能耗、环保排放应达到标准。</p>\n<p><strong>四、积极培育售电市场主体</strong></p>\n<p>（一）积极推进售电企业参与交易，售电企业履行相关程序后，可视同大用户与发电企业开展电力直接交易，从发电企业购买电量向用户销售，或通过交易机构按规则参与各类交易。规范售电公司经营行为，鼓励售电公司依靠降低成本和提供增值服务参与竞争。</p>\n<p>（二）鼓励供水、供气、供热等公共服务行业和节能服务公司从事售电业务。鼓励电能服务商、负荷集成商、电力需求侧管理服务商等扩大业务范围，帮助用户开展电力市场化交易。</p>\n<p>（三）积极支持各类售电公司代理中小用户参与交易，帮助用户了解用电曲线，探索建立对售电企业的余缺调剂平衡和偏差考核机制，提高市场化意识，减少市场风险。</p>\n<p><strong>五、完善市场主体注册、公示、承诺、备案制度</strong></p>\n<p>（一）发电企业、电力用户和售电企业等市场主体需在电力交易机构注册成为合格市场主体；交易机构提供各类市场主体注册服务，编制注册流程、指南，对市场主体进行注册培训。</p>\n<p>（二）发电企业、电力用户按要求和固定格式签署信用承诺书，向交易机构提交注册材料，并对提交材料的真实性、准确性、合规性和完备性负责，交易机构收到企业提交的注册申请和注册材料后，原则上在7个工作日内完成材料完整性核验，注册自动生效。售电企业按《售电公司准入与退出管理办法》有关规定进行注册。</p>\n<p>（三）发电企业、电力用户和售电企业等市场主体完成注册程序后，纳入市场主体目录，获得交易资格。交易机构按期将市场主体注册情况向能源监管机构、省级政府有关部门和政府引入的全国性行业协会、信用服务机构备案，对市场主体目录实施动态管理。</p>\n<p><strong>六、规范市场主体交易行为</strong></p>\n<p>（一）发电企业、电力用户和售电企业注册成为合格市场主体后，自愿在电力交易平台按照批准和公布的交易规则参与各类交易，遵守有关规定，服从统一调度管理和市场运营管理，接受政府有关部门监管。市场主体选择进入市场，在3年内不可退出，通过市场竞争形成价格。各地区有关部门要最大限度减少对微观事务的干预，充分尊重和发挥企业的市场主体地位，不得干预企业签订合同，不得强制企业确定电量和电价，不得干扰合同履行，不得实行地方保护。</p>\n<p>（二）发电企业与电力用户、售电企业进行直接交易的，为保障公平竞争，电力交易机构应开展对市场交易的审核，市场主体要严格执行包含政府性基金及附加和政策性交叉补贴在内的输配电价，要切实承担清洁能源配额，落实优先购电责任，有关情况及时报告各地政府相关部门。</p>\n<p>（三）电力用户原则上应全电量参与电力市场，可自主选择向发电企业直接购电或向售电企业购电。</p>\n<p>（四）发电企业与电力用户、售电企业进行直接交易的，应按市场交易规则和电网企业签订三方购售电合同，明确相应的权利义务关系、交易电量和价格、服务等事项，鼓励签订1年以上中长期合同，可由各地组织集中签订，也可自行协商签订，签订的合同由电力交易机构汇总和确认，由电力调度机构进行安全校核。鼓励各地根据实际情况规范直接交易合同，推荐交易双方按统一合同样本签订中长期交易合同。</p>\n<p>（五）电力交易机构要加强自身能力建设，搭建公开透明、功能完善、按市场化方式运行的电力交易平台，发挥市场在能源资源优化配置中的决定性作用。要切实发挥好电力交易机构在市场交易核查工作中的第三方监管作用，保证各类主体市场交易行为有序规范。</p>\n<p><strong>七、完善市场化交易电量价格形成机制</strong></p>\n<p>（一）促进输配以外的发售电由市场形成价格，鼓励交易双方签订中长期市场化交易合同，在自主自愿、平等协商的基础上，约定建立固定价格、“基准电价+浮动机制”、随电煤价格并综合考虑各种市场因素调整等多种形式的市场价格形成机制，分散和降低市场风险。电力用户的用电价格，由三部分相加组成，包括与发电企业、售电企业协商定价机制确定的价格、政府有关部门明确的输配电价（含损耗）和政府性基金及附加。</p>\n<p>（二）协商建立“基准电价+浮动机制”的市场化定价机制，基准电价可以参考现行目录电价或电煤中长期合同燃料成本及上年度市场交易平均价格等，由发电企业和电力用户、售电企业自愿协商或市场竞价等方式形成。</p>\n<p>在确定基准电价的基础上，鼓励交易双方在合同中约定价格浮动调整机制。鼓励建立与电煤价格联动的市场交易电价浮动机制，引入规范科学、双方认可的煤炭价格指数作参考，以上年度煤炭平均价格和售电价格为基准，按一定周期联动调整交易电价，电煤价格浮动部分在交易双方按比例分配。具体浮动调整方式由双方充分协商，在合同中予以明确，浮动调整期限应与电煤中长期合同的期限挂钩。</p>\n<p>（三）探索建立随产品价格联动的交易电价调整机制。生产成本中电费支出占比较高的行业，交易双方可参考产品多年平均价格或上年度价格，协商确定交易基准电价、基准电价对应的产品价格、随产品价格联动的电价调整机制等，当产品价格上涨或下降超过一定区间或比例时，电价联动调整，由交易双方共同承担产品价格波动的影响。</p>\n<p>（四）交易双方签订年度双边合同后，可探索建立与月度集中竞价相衔接的价格浮动调整机制，根据月度竞价结果，由双方自主协商，对双边合同价格进行调整确认。</p>\n<p>（五）探索建立高峰用电市场化机制。积极推进电力现货市场建设，通过市场化机制形成不同时段价格，补偿高峰电力成本；现货市场建立前，参与市场化交易的电力用户应执行峰谷电价政策，合理体现高峰用电的成本和价值差异。</p>\n<p>（六）2018年放开煤炭、钢铁、有色、建材等4个行业电力用户发用电计划，全电量参与交易，通过市场化交易满足用电需求，建立市场化价格形成机制。具体实施方案见附件。</p>\n<p><strong>八、加强事中事后监管</strong></p>\n<p>（一）政府有关部门要有针对性地制定和完善相关法规政策，加强制度建设，着力保障电力市场健康运行。发电企业、电力用户和售电企业要牢固树立法律意识、契约意识和信用意识，合同一经签订必须严格履行。地方经济运行部门会同有关部门和单位对电力市场化交易合同履行情况实行分月统计，发挥大数据平台作用，电力直接交易相关信息纳入平台管理。能源监管机构对市场主体履行合同和执行市场运行规则等情况进行监管。</p>\n<p>（二）各相关部门要建立健全交易合同纠纷协调仲裁机制，对市场主体在合同履约过程中产生的纠纷及时进行裁决，营造公平公正的市场环境，坚决避免因合同纠纷造成用户可靠供电受到影响，妥善解决因不可抗力因素造成合同难以执行等问题，避免市场主体受到不公平待遇。</p>\n<p><strong>九、加快推进电力市场主体信用建设</strong></p>\n<p>国家发展改革委、国家能源局会同有关方面加快推进电力市场主体信用体系建设，针对不同市场主体建立信用评价指标体系，引入全国性行业协会、信用服务机构和电力交易机构，建立信用评价制度，开展电力直接交易数据采集工作，实行市场主体年度信息公示，实施守信联合激励和失信联合惩戒机制，强化信用意识，限制有不良信用记录的市场主体参与电力市场化交易。建立完善红名单、黑名单制度，对于遵法守信，信用评价良好以上的市场主体，纳入红名单，研究给予同等条件下市场交易优先等激励措施；对于违反交易规则和有失信行为的市场主体，纳入不良信用记录，情节特别严重或拒不整改的，经过公示等有关程序后，纳入失信企业黑名单；强制退出的市场主体，直接纳入失信企业黑名单。</p>\n<p><strong>附件：全面放开部分重点行业电力用户发用电计划实施方案</strong></p>\n<p style="text-align: center"><strong><img width="600" height="877" alt="" src="/data/remote/76679ac433f5962506d1089bbdbd40e9.jpg"></strong></p>\n<p style="text-align: center"><strong><img width="600" height="900" alt="" src="/data/remote/76679ac433f5962506d1089bbdbd40e9.jpg"></strong></p>\n<p style="text-align: center"><strong><img width="600" height="900" alt="" src="/data/remote/76679ac433f5962506d1089bbdbd40e9.jpg"></strong></p>\n<p style="text-align: center"><strong><img width="600" height="900" alt="" src="/data/remote/76679ac433f5962506d1089bbdbd40e9.jpg"></strong></p>\n<p style="text-align: center"><strong><img width="600" height="900" alt="" src="/data/remote/ed2972717469592272034f2a887cb910.jpg"></strong></p>\n<p style="text-align: center"><strong><img width="600" height="913" alt="" src="/data/remote/ed2972717469592272034f2a887cb910.jpg"></strong></p>\n<p style="text-align: center"><strong><img width="600" height="900" alt="" src="/data/remote/ed2972717469592272034f2a887cb910.jpg"></strong></p>\r\n  <p>\r\n  原标题:国家发展改革委国家能源局关于积极推进电力市场化交易进一步完善交易机制的通知\r\n  </p>\r\n                      '),
	(114, '河北发改委关于落实光伏扶贫整改方案的通知  ', '', ':有关市发展改革委、扶贫办：按照省委办公厅、省政府办公厅《印发的通知》（冀办传〔2018〕48号）要求，为全面贯彻落实国务院扶贫开发领导小组对我省2017年扶贫开发工作成效考核发现问题整改的巡视意见和建议，现就落实整改方案有关事项通知如下：一、开展2018年建设检查。由市发展改革委、扶贫办成立联合工作组，按照村级光伏扶贫电站建设五个条件（建档立卡贫困村，发电1000小时以上，有接入条件，不得负债建', 1, 'http://guangfu.bjx.com.cn/news/20180717/913583.shtml', 1, 12, 1532084909, 1532084909, '\r\n                        <p>:<strong>有关市发展改革委、扶贫办：</strong></p>\n<p>按照省委办公厅、省政府办公厅《印发&lt;关于国家脱贫攻坚巡查反馈问题的整改方案&gt;的通知》（冀办传〔2018〕48号）要求，为全面贯彻落实国务院扶贫开发领导小组对我省2017年扶贫开发工作成效考核发现问题整改的巡视意见和建议，现就落实整改方案有关事项通知如下：</p>\n<p>一、开展2018年建设检查。由市发展改革委、扶贫办成立联合工作组，按照村级光伏扶贫电站建设五个条件（建档立卡贫困村，发电1000小时以上，有接入条件，不得负债建设、企业不得投资入股，产权归村集体所有、全部收益用于扶贫），集中对2018年村级光伏扶贫电站（所有列入冀发改能源〔2018〕16号的项目）建设情况进行排查，符合条件的加快建设，不符合条件的抓紧整改。</p>\n<p>二、开展光伏扶贫电站建设质量“回头看”活动。由市发展改革委组织有关县，对已建设完成和正在建设的光伏扶贫电站建设质量进行全面检查。重点检查主要设备（包括组件、逆变器、汇流箱、升压站等）质量，对不符合要求的立即整改，对弄虚作假、骗取套取国家补贴行为，发现一起处理一起。</p>\n<p>三、落实扶贫收益分配。由市县扶贫办依据国务院扶贫办《关于村级光伏扶贫电站收益分配管理办法的通知》（国开办发〔2017〕61号）和省扶贫办、省发展改革委、省地税局《关于光伏扶贫收益分配的指导意见（试行）》（冀扶办联〔2017〕17号），按照光伏扶贫收益全部用于扶贫，并采取购买公益岗位、小型基础设施建设、小微奖励等方式促使贫困人口通过劳动增收的要求，结合实际制定村级扶贫电站收益分配管理办法。</p>\n<p>请各市发展改革委、扶贫办高度重视，密切协作配合，全面做好国家巡查反馈问题整改工作。请于8月10日前，将光伏扶贫电站建设检查、质量“回头看”活动开展情况、村级光伏扶贫电站收益分配管理办法制定情况，连同相关统计表（附件1、2、3），联合行文分别报省发展改革委、省扶贫办。</p>\n<p>省发展改革委联系人：李飞飞0311-88600512</p>\n<p>nyjxnyc@163.com</p>\n<p>省扶贫办联系人：齐建勇0311-87801337</p>\n<p>fpbcyzdc@163.com</p>\n<p><strong>附件：1．XX市村级光伏扶贫电站建设检查情况汇总表</strong></p>\n<p style="text-align: center"><strong><img width="600" height="265" alt="" src="/data/remote/ed2972717469592272034f2a887cb910.jpg"></strong></p>\n<p><strong>2．XX市光伏扶贫电站建设质量问题汇总表</strong></p>\n<p style="text-align: center"><strong><img width="596" height="196" alt="" src="/data/remote/f1a148e9e7939985fe25b31bcafb49af.jpg"></strong></p>\n<p><strong>3．XX市村级光伏扶贫电站收益分配管理办法制定情况汇总表</strong></p>\n<p style="text-align: center"><img width="600" height="153" alt="" src="/data/remote/f1a148e9e7939985fe25b31bcafb49af.jpg"></p>\r\n  <p>\r\n  原标题:关于落实光伏扶贫整改方案的通知\r\n  </p>\r\n                      '),
	(115, '从阳光、华为等大佬到固德威、三晶等新秀——光伏逆变器市场风云  ', '', ':一、市场变化逆变器厂商之间的此消彼长2017年前，中国逆变器市场被几家大公司覆盖，其它逆变器公司只能做一些小众市场，很难对主流逆变器公司构成威胁。这些主流公司包括阳光电源、华为、正泰、上能电气、特变电工、科士达等公司。这种形势在2017年出现了一些变化，由于分布式电站快速增长(国内新增光伏装机53GW，其中地面电站34GW，分布式电站超19GW)，组串式逆变器厂商迎来发展机遇，固德威、三晶电气、', 1, 'http://guangfu.bjx.com.cn/news/20180720/914624.shtml', 1, 12, 1532084909, 1532084909, '\r\n                        <p>:<strong>一、市场变化</strong></p>\n<p><strong>逆变器厂商之间的此消彼长</strong></p>\n<p>2017年前，中国逆变器市场被几家大公司覆盖，其它逆变器公司只能做一些小众市场，很难对主流逆变器公司构成威胁。这些主流公司包括阳光电源、华为、正泰、上能电气、特变电工、科士达等公司。</p>\n<p style="text-align: center"><img width="426" height="99" alt="" src="/data/remote/f1a148e9e7939985fe25b31bcafb49af.jpg"></p>\n<p>这种形势在2017年出现了一些变化，由于分布式电站快速增长(国内新增光伏装机53GW，其中地面电站34GW，分布式电站超19GW)，组串式逆变器厂商迎来发展机遇，固德威、三晶电气、锦浪、古瑞瓦特等各家市场及发货量均有不同程度的增长。</p>\n<p><strong>逆变器产品市场份额变化</strong></p>\n<p>并网逆变器按照功率和用途可分为集散式、集中式、组串式、微型四大类。随着分布式电站的普及，组串式逆变器的市场占比在逐渐提高。</p>\n<p style="text-align: center"><img width="500" height="171" alt="" src="/data/remote/f1a148e9e7939985fe25b31bcafb49af.jpg"></p>\n<p>根据中国光伏行业协会统计，2017年国内市场10KW以下、10-100KW、100-1MW、1MW以上四类功率等级逆变器的市场占比分别为6.2%、54.6%、6.6%、32.6%。</p>\n<p style="text-align: center"><img width="302" height="240" alt="" src="/data/remote/f1a148e9e7939985fe25b31bcafb49af.jpg"></p>\n<p>从不同功率等级逆变器市场供应来看，由于工商业屋顶分布式和村级扶贫电站的开发，的出货占比不断提升。户用市场方面，2017年新增户用光伏装机约50万套，增长近35万套，主要增长省份集中在浙江、山东等沿海省市，5KW户用逆变器成为主流应用机型，占比约40%。</p>\n<p><strong>当前局势与未来趋势</strong></p>\n<p>相比2017年98.5GW出货量，23％的增长速度，2018年全球太阳能的出货量预计仅增长2％，情况没那么乐观。未来两年，中国光伏市场也将趋于平稳发展势态。</p>\n<p>在这样的情况下，太阳能逆变器市场的主要趋势将表现为顶级供应商继续获得份额，大厂在技术、成本、融资上的优势变得更明显，准备不足的中小企业或将再次迎来行业洗牌。</p>\n<p><strong>二、焦点风口</strong></p>\n<p><strong>攫取第一阶段风口之分布式</strong></p>\n<p>如果说阳光电源、华为、特变、上能等逆变器公司在前面几年的集中式地面电站大发展中获得了市场机遇。那么，2016下半年－2018年上半年国内的分布式爆发，为后来的小功率逆变器厂商打开了第二次角逐市场的机会。</p>\n<p>分布式及户用光伏的客户群体和地面电站的客户群体完全不一样，同时具有分散的特点，原来的营销手段用不上，这也成为大机型逆变器厂商后来跟进的主要原因。</p>\n<p>分布式、户用光伏掌握话语权的是中小型安装商、经销商或代理商，他们多为民用企业，实际安装经验并不是很丰富，进入这个市场较早的古瑞瓦特、三晶、固酝饶姹淦髌笠担肭缣臁⒈雀摺⒄⒅忻裰擒觥⒑耗堋⒄褂睢⑻旌系裙疽岳Π笙酆献鳌⒋窗旃夥嘌蛋唷⒐夥г旱刃问剑氚沧吧桃黄鸲宰钪找抵鹘锌破眨谑谐∩先〉昧肆煜扔攀啤/p&gt;</p>\n<p style="text-align: center"><img width="511" height="120" alt="" src="/data/remote/f1a148e9e7939985fe25b31bcafb49af.jpg"></p>\n<p>根据最新统计，2018年上半年中国新增光伏装机超24GW，分布式超12GW。分布式光伏“成”也政策，“败”也政策，531光伏新政的发布让发展势态急转直下，发展太迅猛了，新政出台，在国家调控下2018下半年分布式光伏指标已所剩无几，户用尚待确定。</p>\n<p style="text-align: center"><img width="270" height="241" alt="" src="/data/remote/f1a148e9e7939985fe25b31bcafb49af.jpg"></p>\n<p>6月以来，大部分逆变器厂家业绩表现迟滞，市场明显没有那么容易做了。此前有多家逆变器公司在谋求上市发展，上市发展需要业绩和利润，于是，我们看到过去一年来，几家逆变器公司持续加码营销投入。这个时候，遇到政策调整带来的市场暂时性收缩。钱花出去了，销量不上升，不能平摊成本，更别提业绩，怎么办？</p>\n<p>行情不好的时候，除了要保住自身市场份额，还需要去抢竞争对手的市场，以弥补因市场萎缩、价格下跌引起的业绩亏损。据了解，古瑞瓦特、固德威、三晶、茂硕在内的多家行业畅销逆变器开始大幅跳水降价。微逆也不例外。</p>\n<p>一边是价格战、营销战，把性能做到极致，价格做到极低，一边是相对萎缩的市场，在平价上网即将到来的前夜，保持生存成为诸多逆变器厂商面临的问题。这样的情况下，如何拓展市场成为关键。</p>\n<p><strong>攫取第二阶段风口之运维</strong></p>\n<p>随着光伏电站装机容量的累计增长，行业对运维市场的逐渐重视，各企业纷纷瞄准这一潜力市场，一系列智能化、大数据等运维概念及解决方案相继登场，推动了整个运维市场的发展。</p>\n<p>逆变器公司兼做运维业务可以追溯到海外，但国内真正做当从华为说起，华为的进入给光伏行业带来了不同于以往的思维方式，同时给逆变器赋予了更多的功能，以逆变器为核心，围绕集成监控、运维等服务，展开了一系列整体解决方案，华为称之为“智能”。</p>\n<p>2015年至今，数据与运维、智能光伏、电站全生命周期管理成为光伏行业发展方向，同时也拉开了逆变器公司竞相做运维的序幕。华为进来后，阳光电源在运维方面与阿里展开合作，打造智慧能源管理平台，称平台具备数据采集、分析及处理能力，为智慧运维提供完善的线上服务。年初，还开通了户用功能。</p>\n<p>2018年SNEC展会上，几乎大一点的逆变器公司展台都有一幅巨大的监控屏幕，上面显示着不同地方不同容量光伏电站的实时发电情况。众多概念中，除了阳光、华为，唯一记住的是三晶电气的“共享运维”。</p>\n<p style="text-align: center"><img width="673" height="208" alt="" src="/data/remote/f1a148e9e7939985fe25b31bcafb49af.jpg"></p>\n<p><strong>攫取第二阶段风口之储能</strong></p>\n<p>因涉及公司比较多，范围比较广，此单元留待下回详细分解。</p>\n<p><strong>三、价格与热点</strong></p>\n<p><strong>1、价格</strong></p>\n<p>最近一月内重要光伏项目逆变器中标价格供参考：中广核新能源青海德令哈太阳能领跑者项目2MW集散式逆变器成套设备采购，因采购容量为20兆瓦，单价折合0.181元/瓦（下图为光伏资讯整理）。</p>\n<p style="text-align: center"><img width="600" height="218" alt="" src="/data/remote/f1a148e9e7939985fe25b31bcafb49af.jpg"></p>\n<p>分布式及户用：逆变器厂持续促销（以下价格仅供参考）。</p>\n<p style="text-align: center"><img width="600" height="210" alt="" src="/data/remote/f1a148e9e7939985fe25b31bcafb49af.jpg"></p>\n<p>单相3K从近期最高的3057元/台，已降至最低的1580元/台；单相5K从最高的3122元/台，降至2580元/台。</p>\n<p><strong>2、热点</strong></p>\n<p>美拟对中国光伏逆变器征收10%关税</p>\n<p>7月11日，特朗普政府发布了一份关于对价值2000亿美元的中国商品的征收10％的进口关税清单。美方公布的最新一轮关税清单总计6031项，该名单包括逆变器(产品代码8504．40．95)，AC组件(附加微型逆变器的太阳能电池板)(产品代码8501．61．00)，和除锂离子化学电池以外的电池存储产品。（雪球）</p>\n<p>阳光、华为、特变、上能中标国电投4领跑者逆变器集采</p>\n<p>第三批领跑者基地总计5GW，国电投获得1.645GW建设指标。其中，寿阳获100MW、海兴获245MW、宝应获100MW、泗洪获100MW。根据中标公告，此次招标分为11个标段。其中：阳光电源中标2个标段;华为代理公司中建材中标5个标段;上能电器中标3个标段;特变电工中标1个标段。(Solarzoom)</p>\r\n  <p>\r\n  原标题:逆变器风云：从阳光、华为等大佬到固德威、三晶等新秀说起\r\n  </p>\r\n                      '),
	(116, '美贸易战光伏逆变器10%关税分析：组串和集中式影响不一  ', '', ':7月10日，美国宣布将对额外2000亿美元的中国商品加征10%的关税，其中包括逆变器、交流组件等。对此，业内人士分析，与“201”调查中光伏电池组件的关税相比，此次关税对整个市场的影响可能很小。据估算，对住宅和工商业项目而言，系统成本将增加1~2美分/瓦，而对大型地面项目的影响不到1美分。然而，对个别制造商，或将造成更为严重的打击。全球咨询研究机构GTMResearch分析师预计，美国光伏市场上', 1, 'http://guangfu.bjx.com.cn/news/20180713/912725.shtml', 1, 12, 1532084910, 1532084910, '\r\n                        <p>:7月10日，美国宣布将对额外2000亿美元的中国商品加征10%的关税，其中包括逆变器、交流组件等。对此，业内人士分析，与“201”调查中光伏电池组件的关税相比，此次关税对整个市场的影响可能很小。据估算，对住宅和工商业项目而言，系统成本将增加1~2美分/瓦，而对大型地面项目的影响不到1美分。</p>\n<p>然而，对个别制造商，或将造成更为严重的打击。全球咨询研究机构GTM Research分析师预计，美国光伏市场上，80%以上的住宅逆变器和50%以上的工商业逆变器是从中国进口的。</p>\n<p>如此次受影响较大的住宅逆变器制造商Enphase，该公司产品由中国企业代工生产，以求在大幅削减成本的同时保持在美国市场的份额。而其最大的住宅市场竞争对手SolarEdge则在北美和欧洲设有制造工厂。</p>\n<p>上述分析师指出，大多数住宅逆变器制造商都在全球有代工，“301”关税确定后，或导致这些企业从中国撤回生产线。</p>\n<p>对于集中式逆变器而言，影响甚微。美国市场上集中式逆变器的前两大供应商SMA和Power Electronics，产品均在欧洲生产制造。</p>\n<p>而对今年闯入美国市场的中国逆变器制造商华为、阳光电源等，征收关税显然并不利好。不过，上述分析师表示，集中式逆变器是所有逆变器中成本差异最大的，相比欧洲制造商的集中式逆变器，中国集中式逆变器产品价格更低，即使征收关税，价格优势仍然存在。不过，不排除其他逆变器制造商开发新的生产线以服务美国市场。</p>\n<p>2017年度中国光伏逆变器出口数据统计显示，出口美国的份额占比23.35%，排名前十的企业包括阳光电源、正泰电源等。</p>\r\n  <p>\r\n  \r\n  </p>\r\n                      '),
	(117, '美对我国光伏逆变器、交流组件和非锂电池提出征税10%  ', '', '、带有微型逆变器的太阳能电池板以及使用锂离子化学物质以外的电池存储产品可能是最新的受害者。几个月来，随着美国和中国之间的贸易战升级，中国逆变器制造商一直在紧张地观望。7月10日晚，美国宣布将对额外2000亿美元中国商品加征10%的关税，并公布了一份长达近200页、涉及6000余种商品的清单，以报复中国对美国出口高达500亿美元的关税。贸易律师JohnSmirnow表示，虽然该清单主要针对许多农业和', 1, 'http://guangfu.bjx.com.cn/news/20180712/912334.shtml', 1, 12, 1532084910, 1532084910, '\r\n                        <p>、带有微型逆变器的太阳能电池板以及使用锂离子化学物质以外的电池存储产品可能是最新的受害者。</p>\n<p>几个月来，随着美国和中国之间的贸易战升级，中国逆变器制造商一直在紧张地观望。7月10日晚，美国宣布将对额外2000亿美元中国商品加征10%的关税，并公布了一份长达近200页、涉及6000余种商品的清单，以报复中国对美国出口高达500亿美元的关税。</p>\n<p>贸易律师John Smirnow表示，虽然该清单主要针对许多农业和化学产品以及原材料，但它还包括逆变器（8504.40.95），交流组件（带微型逆变器的太阳能电池板）(8501.61.00)和使用锂离子化学的电池存储产品。</p>\n<p style="text-align: center"><img alt="" width="609" height="27" src="/data/remote/c85a42d46bae35a64a0aaf8e3342a489.png"></p>\n<p style="text-align: center"><img alt="" width="514" height="17" src="/data/remote/c85a42d46bae35a64a0aaf8e3342a489.png"></p>\n<p>这些关税是根据第301条款提出的，美国《贸易法》第301条允许总统针对那些在对美贸易中违反贸易协定或实施其他不公平贸易做法的别国，实施贸易制裁的法律渊源，301条款调查可由美国贸易代表依申请或依职权发起。与前几轮第301条一样，关税将在最后确定之前进入审查程序。晶体硅太阳能电池和组件目前正在接受这样的审查。</p>\n<p>8月20日至23日将举行新一轮关税提案听证会，此次听证会提交申请的截止日期为7月27日，书面证词将在8月17日截止。</p>\n<p>自中国“531”新政出台后，受市场转冷影响，多数光伏逆变器企业市场份额向国外倾斜。此前有业内人士表达了大规模光伏逆变器产品进入国外市场恐引发新一轮贸易战的担忧，如今看来不论是误伤还是蓄谋已久，该关税一旦确定，将对重点出口美国市场的光伏逆变器企业带来重大影响。</p>\n<p><strong>相关背景：</strong></p>\n<p>2018年6月15日，美国政府发布了加征关税的商品清单，将对从中国进口的约500亿美元商品加征25%的关税，其中对约340亿美元商品自2018年7月6日起实施加征关税措施，同时对约160亿美元商品加征关税开始征求公众意见。</p>\n<p>2018年7月6日00:01（北京时间6日12:01），美国开始对第一批清单上818个类别、价值340亿美元的中国商品加征25%的进口关税。作为反击，中国也于同日对同等规模的美国产品加征25%的进口关税。</p>\n<p>7月10日，美国贸易代表办公室发表声明，特朗普政府发布了一份针对中国2000亿美元商品加增关税的计划，目标产品清单涉及服装、电视零件和冰箱，加征的关税为10%。</p>\r\n  <p>\r\n  \r\n  </p>\r\n                      '),
	(118, '曹仁贤：100%清洁能源供电是可以实现的  ', '', '董事长曹仁贤在2018光伏领袖峰会•黄山光伏大会二十年纪念论坛上，分享了对行业未来发展方向与路径的判断。论坛以“展二十载峥嵘硕果，迎新形势披荆逐日”为主题，由中国循环经济协会可再生能源专业委员会、中国可再生能源学会光伏专业委员会等单位主办，阳光电源承办，百余名行业专家、业内领袖、优秀企业家重返黄山，同忆初心，积极应对政策、市场等产业环境的多重攻势，曹仁贤应邀发表了《光伏发电系统最新技术及展望》的主', 1, 'http://guangfu.bjx.com.cn/news/20180709/911450.shtml', 1, 12, 1532084910, 1532084910, '\r\n                        <p>董事长曹仁贤在2018光伏领袖峰会•黄山光伏大会二十年纪念论坛上，分享了对行业未来发展方向与路径的判断。</p>\n<p><img alt="" width="450" height="268" src="/data/remote/c85a42d46bae35a64a0aaf8e3342a489.jpg"></p>\n<p>论坛以“展二十载峥嵘硕果，迎新形势披荆逐日”为主题，由中国循环经济协会可再生能源专业委员会、中国可再生能源学会光伏专业委员会等单位主办，阳光电源承办，百余名行业专家、业内领袖、优秀企业家重返黄山，同忆初心，积极应对政策、市场等产业环境的多重攻势，曹仁贤应邀发表了《光伏发电系统最新技术及展望》的主旨演讲。</p>\n<p>曹仁贤指出，光伏发电发展前景良好，逐步由补充能源向替代能源转变，100%供电是可以实现的。此外，光储融合是加快光伏快速发展的最佳解决方案，未来储能将与光伏发电等可再生能源深度融合，高度参与电网建设。</p>\n<p><img alt="" width="450" height="267" src="/data/remote/c85a42d46bae35a64a0aaf8e3342a489.jpg"></p>\n<p>从1998年“第五届中国光伏大会”在黄山召开，到2018年的光伏领袖峰会，光伏产业激荡二十年，有桨声灯影，也有惊涛拍岸。多艰的长路愈加映衬出目标的蔚为大观，阳光也将再次踏上征途，在清洁电力领域持续创新与变革，早日让人人享用清洁电力。</p>\r\n  <p>\r\n  \r\n  </p>\r\n                      '),
	(119, '阳光启示录|忆往昔，峥嵘岁月20载；看明朝，继往开来谱新篇  ', '', '承办的“2018光伏领袖峰会•黄山光伏大会二十年纪念论坛”在美丽的黄山召开。跨越20载时间长河，数百名光伏同仁和媒体人士再次来到这座见证中国光伏起步的城市，追忆中国光伏峥嵘岁月，共商新形势下互利共赢大计。一脉传承重燃黄山精神20年前，中国光伏产业正处于蓬勃发展的前夜：市场尚未打开、人才队伍还未形成、政策不明、“两头在外”掣肘于人……一群心怀光伏梦并愿为之付诸行动的中国光伏人齐聚黄山，对话东西，论道', 1, 'http://guangfu.bjx.com.cn/news/20180709/911444.shtml', 1, 12, 1532084910, 1532084910, '\r\n                        <p>承办的“2018光伏领袖峰会•黄山光伏大会二十年纪念论坛”在美丽的黄山召开。跨越20载时间长河，数百名光伏同仁和媒体人士再次来到这座见证中国光伏起步的城市，追忆中国光伏峥嵘岁月，共商新形势下互利共赢大计。</p>\n<p><img width="450" height="144" alt="" src="/data/remote/c85a42d46bae35a64a0aaf8e3342a489.jpg"></p>\n<p><strong>一脉传承 重燃黄山精神</strong></p>\n<p>20年前，中国光伏产业正处于蓬勃发展的前夜：市场尚未打开、人才队伍还未形成、政策不明、“两头在外”掣肘于人……一群心怀光伏梦并愿为之付诸行动的中国光伏人齐聚黄山，对话东西，论道谋势，为即将到来的产业与市场爆发奠定了扎实的技术与人才基础。</p>\n<p>20年后，光伏人重走当年路，同忆初心，“光伏领袖峰会”再次集结各路光伏人士，从行业痛点分析、政策解读到总结过去得失、展望未来，希冀通过共商共建共享，继往开来，开启新征途。</p>\n<p>“光伏行业取得的累累硕果，离不开勇于探索、破浪前行的老前辈和行业领路人们，他们的技术理论、实践经验以及专注、坚持的精神，让一代又一代光伏人可以站在巨人的肩膀上稳步前行。”阳光电源董事长曹仁贤在开幕式致辞中如是说。</p>\n<p><img width="450" height="252" alt="" src="/data/remote/c85a42d46bae35a64a0aaf8e3342a489.jpg"></p>\n<p><strong>砥砺前行 峥嵘阳光岁月</strong></p>\n<p>经过20年的技术创新、产品持续升级、产业结构调整，中国光伏产业形成了成熟且具有国际竞争力的产业链，已成为震撼全球的绿色名片。</p>\n<p>从1998到2018，阳光电源不仅在现场，也一直在路上!20多年的专注与坚持，阳光电源从残酷竞争中实现多次跨越，与中国光伏产业共同成长：</p>\n<p>研制出中国首台具有完全自主知识产权的光伏并网逆变器;</p>\n<p>率先解决了低/零电压穿越、拉弧检测保护等问题;</p>\n<p>转换效率从90%到全线突破99%;</p>\n<p>价格从十几元/瓦降至0.2元/瓦以下;</p>\n<p>率先推出1500V逆变器、业内首款双面逆变器;</p>\n<p>推出全球首款整机IP65防护的户外集中逆变器;</p>\n<p>…………</p>\n<p>阳光电源一直以来追求极致，不断创新，致力于用最优质的产品和最专业的技术服务，持续为客户创造更大的价值。</p>\n<p><strong>携手并进 共赢荣耀未来</strong></p>\n<p>20年砥砺开拓，薪火相传，中国光伏产业顺天时、量地利、聚人和，从起步逐渐走向成熟;20年峥嵘共进，荣耀领航，阳光是参与者、见证者也是传承者，从“零”起步，高度专注、坚持创新、精益求精，不辜负每一缕阳光!</p>\n<p>面对新形势，阳光电源将不忘初心，与光伏同仁携手并进，推动中国光伏产业持续健康发展，让人人享用清洁电力的时代早日来临!</p>\r\n  <p>\r\n  \r\n  </p>\r\n                      ');
/*!40000 ALTER TABLE `qiyun_article` ENABLE KEYS */;

-- 导出  表 qiyun_cms.qiyun_category 结构
DROP TABLE IF EXISTS `qiyun_category`;
CREATE TABLE IF NOT EXISTS `qiyun_category` (
  `id` int(11) NOT NULL AUTO_INCREMENT,
  `parent` int(11) DEFAULT '0',
  `cname` varchar(50) COLLATE utf8mb4_unicode_ci DEFAULT NULL,
  `type` int(11) NOT NULL DEFAULT '1' COMMENT 'article=1,product=2',
  `path` varchar(50) COLLATE utf8mb4_unicode_ci DEFAULT NULL,
  `view` varchar(50) COLLATE utf8mb4_unicode_ci DEFAULT NULL,
  `type_view` varchar(50) COLLATE utf8mb4_unicode_ci DEFAULT NULL,
  PRIMARY KEY (`id`),
  UNIQUE KEY `path` (`path`)
) ENGINE=InnoDB AUTO_INCREMENT=30 DEFAULT CHARSET=utf8mb4 COLLATE=utf8mb4_unicode_ci;

-- 正在导出表  qiyun_cms.qiyun_category 的数据：~5 rows (大约)
DELETE FROM `qiyun_category`;
/*!40000 ALTER TABLE `qiyun_category` DISABLE KEYS */;
INSERT INTO `qiyun_category` (`id`, `parent`, `cname`, `type`, `path`, `view`, `type_view`) VALUES
	(12, 0, 'event', 1, 'event', 'view', 'typeview'),
	(22, 0, 'products', 2, 'products', 'products', 'typeview'),
	(23, 22, 'Modified Sine Wave', 2, 'ModifiedSineWave', '', ''),
	(24, 22, 'Pure Sine Wave SP', 2, 'PureSineWaveSP', '', ''),
	(29, 0, 'support', 1, 'support', '', 'typeview');
/*!40000 ALTER TABLE `qiyun_category` ENABLE KEYS */;

-- 导出  表 qiyun_cms.qiyun_product 结构
DROP TABLE IF EXISTS `qiyun_product`;
CREATE TABLE IF NOT EXISTS `qiyun_product` (
  `id` int(11) NOT NULL AUTO_INCREMENT,
  `title` varchar(200) COLLATE utf8mb4_unicode_ci DEFAULT NULL COMMENT '页面标题',
  `keywords` varchar(200) COLLATE utf8mb4_unicode_ci DEFAULT NULL COMMENT '页面关键字',
  `description` varchar(200) COLLATE utf8mb4_unicode_ci DEFAULT NULL COMMENT '页面描述',
  `name` varchar(200) COLLATE utf8mb4_unicode_ci DEFAULT NULL COMMENT '产品名称',
  `model` varchar(100) COLLATE utf8mb4_unicode_ci DEFAULT NULL COMMENT '产品型号',
  `category_id` int(11) NOT NULL COMMENT '产品系列',
  `serial_number` varchar(100) COLLATE utf8mb4_unicode_ci DEFAULT NULL COMMENT '产品序列号',
  `preview` varchar(500) COLLATE utf8mb4_unicode_ci DEFAULT NULL COMMENT '预览图',
  `trait` text COLLATE utf8mb4_unicode_ci COMMENT '产品特点',
  `content` text COLLATE utf8mb4_unicode_ci COMMENT '页面内容',
  `create_time` int(11) DEFAULT NULL,
  PRIMARY KEY (`id`),
  KEY `FK_qiyun_product_qiyun_user` (`category_id`),
  CONSTRAINT `FK_qiyun_product_qiyun_user` FOREIGN KEY (`category_id`) REFERENCES `qiyun_category` (`id`) ON DELETE CASCADE ON UPDATE CASCADE
) ENGINE=InnoDB AUTO_INCREMENT=25 DEFAULT CHARSET=utf8mb4 COLLATE=utf8mb4_unicode_ci;

-- 正在导出表  qiyun_cms.qiyun_product 的数据：~10 rows (大约)
DELETE FROM `qiyun_product`;
/*!40000 ALTER TABLE `qiyun_product` DISABLE KEYS */;
INSERT INTO `qiyun_product` (`id`, `title`, `keywords`, `description`, `name`, `model`, `category_id`, `serial_number`, `preview`, `trait`, `content`, `create_time`) VALUES
	(13, 'Modified Sine Wave vP3000Wc', '', '', 'vp3000Wc', 'vp3000Wc', 23, '', '"{\\"ps-1\\":\\"\\\\\\/data\\\\\\/20180720\\\\\\/1e25c39951e2a92c9d40a688d677844c.jpg\\"}"', '<p>&bull; Light: ordinary work lights,ordinary Incandescent desk lamp, spotlight, low spotlight</p>\n<p>&bull; Motor Pump: motors, air compressors</p>\n<p>&bull; Power tools: electric drill, electric saw, scroll saw, grinder, torch, circular saw, weeder, vacuum cleaner, lawnmower,</p>', '<p><strong data-spm-anchor-id="a2700.8304367.prilbd6e79.i14.1d1d5957tvpYHR">12v 220v 1500W ups with 20A charger for home and outdoor power supply&nbsp;</strong></p>\n<p>&nbsp;</p>\n<p data-spm-anchor-id="a2700.8304367.prilbd6e79.i13.1d1d5957tvpYHR">It can convert DC12V electricity provided the automobile into AC power, and be widely used with those electric equipments which power consumption are less than 180w, such as notebook, cell phone, razor, digital camera, digital video, TV, CD, DVD, game machine, electric light, charge and various kinds of professional tools, as the necessity for your travel, mobile office, outdoor work and special vehicle, it is the very solution to using electricity in the automobile.</p>\n<p>With the multiple protection circuit, it would do no harm to the equipment and automobile</p>\n<p data-spm-anchor-id="a2700.8304367.prilbd6e79.i12.1d1d5957tvpYHR">Special versatile socket, suitable for various kinds of plugs</p>\n<table class="aliDataTable" style="height: 414px;" border="1" cellspacing="0" cellpadding="0">\n<tbody>\n<tr style="height: 46px;">\n<td style="height: 46px; width: 136px;">\n<p align="left" data-spm-anchor-id="a2700.8304367.prilbd6e79.i10.1d1d5957tvpYHR">Rated power</p>\n</td>\n<td style="height: 46px; width: 472px;">\n<p>1500W</p>\n</td>\n</tr>\n<tr style="height: 46px;">\n<td style="height: 46px; width: 136px;">\n<p align="left">Input&nbsp;voltage</p>\n</td>\n<td style="height: 46px; width: 472px;">\n<p>DC12V</p>\n</td>\n</tr>\n<tr style="height: 46px;">\n<td style="height: 46px; width: 136px;">\n<p align="left">Output voltage</p>\n</td>\n<td style="height: 46px; width: 472px;">\n<p>AC110V/AC220V&nbsp; 60Hz/50Hz</p>\n</td>\n</tr>\n<tr style="height: 46px;">\n<td style="height: 46px; width: 136px;">\n<p align="left">Output waveform</p>\n</td>\n<td style="height: 46px; width: 472px;">\n<p>Modified Sine Wave</p>\n</td>\n</tr>\n<tr style="height: 46px;">\n<td style="height: 46px; width: 136px;">\n<p align="left">USB output</p>\n</td>\n<td style="height: 46px; width: 472px;">\n<p>5V/0.5A</p>\n</td>\n</tr>\n<tr style="height: 46px;">\n<td style="height: 46px; width: 136px;">\n<p align="left">Protection Function</p>\n</td>\n<td style="height: 46px; width: 472px;">\n<p>Over voltage shutdown/Low voltage shutdown/Overload protection</p>\n</td>\n</tr>\n<tr style="height: 46px;">\n<td style="height: 46px; width: 136px;">\n<p align="left">Sheathing material</p>\n</td>\n<td style="height: 46px; width: 472px;">\n<p>Aluminium Alloys</p>\n</td>\n</tr>\n<tr style="height: 46px;">\n<td style="height: 46px; width: 136px;">\n<p align="left">Size:L&times;W&times;H</p>\n</td>\n<td style="height: 46px; width: 472px;">\n<p>390&times;235&times;60 mm</p>\n</td>\n</tr>\n<tr style="height: 46px;">\n<td style="height: 46px; width: 136px;">\n<p align="left">N.W</p>\n</td>\n<td style="height: 46px; width: 472px;">\n<p data-spm-anchor-id="a2700.8304367.prilbd6e79.i3.1d1d5957tvpYHR">3.5&nbsp;Kg</p>\n</td>\n</tr>\n</tbody>\n</table>', NULL),
	(14, 'Modified Sine Wave vP1500wc', '', '', 'vP1500wc', 'vP1500wc', 23, '', '"{\\"ps-2\\":\\"\\\\\\/data\\\\\\/20180720\\\\\\/714432e97ef6c2c823146d0dd0f400fc.jpg\\"}"', '<p>&bull; Light: ordinary work lights,ordinary Incandescent desk lamp, spotlight, low spotlight</p>\n<p>&bull; Motor Pump: motors, air compressors</p>\n<p>&bull; Power tools: electric drill, electric saw, scroll saw, grinder, torch, circular saw, weeder, vacuum cleaner, lawnmower,</p>', '<p><strong data-spm-anchor-id="a2700.8304367.prilbd6e79.i14.1d1d5957tvpYHR">12v 220v 1500W ups with 20A charger for home and outdoor power supply&nbsp;</strong></p>\n<p>&nbsp;</p>\n<p data-spm-anchor-id="a2700.8304367.prilbd6e79.i13.1d1d5957tvpYHR">It can convert DC12V electricity provided the automobile into AC power, and be widely used with those electric equipments which power consumption are less than 180w, such as notebook, cell phone, razor, digital camera, digital video, TV, CD, DVD, game machine, electric light, charge and various kinds of professional tools, as the necessity for your travel, mobile office, outdoor work and special vehicle, it is the very solution to using electricity in the automobile.</p>\n<p>With the multiple protection circuit, it would do no harm to the equipment and automobile</p>\n<p data-spm-anchor-id="a2700.8304367.prilbd6e79.i12.1d1d5957tvpYHR">Special versatile socket, suitable for various kinds of plugs</p>\n<table class="aliDataTable" style="height: 414px;" border="1" cellspacing="0" cellpadding="0">\n<tbody>\n<tr style="height: 46px;">\n<td style="height: 46px; width: 136px;">\n<p align="left" data-spm-anchor-id="a2700.8304367.prilbd6e79.i10.1d1d5957tvpYHR">Rated power</p>\n</td>\n<td style="height: 46px; width: 472px;">\n<p>1500W</p>\n</td>\n</tr>\n<tr style="height: 46px;">\n<td style="height: 46px; width: 136px;">\n<p align="left">Input&nbsp;voltage</p>\n</td>\n<td style="height: 46px; width: 472px;">\n<p>DC12V</p>\n</td>\n</tr>\n<tr style="height: 46px;">\n<td style="height: 46px; width: 136px;">\n<p align="left">Output voltage</p>\n</td>\n<td style="height: 46px; width: 472px;">\n<p>AC110V/AC220V&nbsp; 60Hz/50Hz</p>\n</td>\n</tr>\n<tr style="height: 46px;">\n<td style="height: 46px; width: 136px;">\n<p align="left">Output waveform</p>\n</td>\n<td style="height: 46px; width: 472px;">\n<p>Modified Sine Wave</p>\n</td>\n</tr>\n<tr style="height: 46px;">\n<td style="height: 46px; width: 136px;">\n<p align="left">USB output</p>\n</td>\n<td style="height: 46px; width: 472px;">\n<p>5V/0.5A</p>\n</td>\n</tr>\n<tr style="height: 46px;">\n<td style="height: 46px; width: 136px;">\n<p align="left">Protection Function</p>\n</td>\n<td style="height: 46px; width: 472px;">\n<p>Over voltage shutdown/Low voltage shutdown/Overload protection</p>\n</td>\n</tr>\n<tr style="height: 46px;">\n<td style="height: 46px; width: 136px;">\n<p align="left">Sheathing material</p>\n</td>\n<td style="height: 46px; width: 472px;">\n<p>Aluminium Alloys</p>\n</td>\n</tr>\n<tr style="height: 46px;">\n<td style="height: 46px; width: 136px;">\n<p align="left">Size:L&times;W&times;H</p>\n</td>\n<td style="height: 46px; width: 472px;">\n<p>390&times;235&times;60 mm</p>\n</td>\n</tr>\n<tr style="height: 46px;">\n<td style="height: 46px; width: 136px;">\n<p align="left">N.W</p>\n</td>\n<td style="height: 46px; width: 472px;">\n<p data-spm-anchor-id="a2700.8304367.prilbd6e79.i3.1d1d5957tvpYHR">3.5&nbsp;Kg</p>\n</td>\n</tr>\n</tbody>\n</table>', NULL),
	(15, 'Modified Sine Wave vp800wc', '', '', 'vp800wc', 'vp800wc', 22, '', '"{\\"ps-2\\":\\"\\\\\\/data\\\\\\/20180720\\\\\\/13a62de1422c3e5b2e9f8a2349a48fb7.jpg\\"}"', '<p>&bull; Computer / mobile office: fax machines, laptop</p>\n<p>&bull; Adapter / battery charger: phone chargers, rechargeable drill, camera adapter</p>\n<p>&bull; Light: ordinary work lights,ordinary Incandescent desk lamp, spotlight, low spotlight</p>\n<p>&bull; Motor Pump: motors, air compressors</p>', '<p><strong data-spm-anchor-id="a2700.8304367.prilbd6e79.i14.1d1d5957tvpYHR">12v 220v 1500W ups with 20A charger for home and outdoor power supply&nbsp;</strong></p>\n<p>&nbsp;</p>\n<p data-spm-anchor-id="a2700.8304367.prilbd6e79.i13.1d1d5957tvpYHR">It can convert DC12V electricity provided the automobile into AC power, and be widely used with those electric equipments which power consumption are less than 180w, such as notebook, cell phone, razor, digital camera, digital video, TV, CD, DVD, game machine, electric light, charge and various kinds of professional tools, as the necessity for your travel, mobile office, outdoor work and special vehicle, it is the very solution to using electricity in the automobile.</p>\n<p>With the multiple protection circuit, it would do no harm to the equipment and automobile</p>\n<p data-spm-anchor-id="a2700.8304367.prilbd6e79.i12.1d1d5957tvpYHR">Special versatile socket, suitable for various kinds of plugs</p>\n<table class="aliDataTable" style="height: 414px;" border="1" cellspacing="0" cellpadding="0">\n<tbody>\n<tr style="height: 46px;">\n<td style="height: 46px; width: 136px;">\n<p align="left" data-spm-anchor-id="a2700.8304367.prilbd6e79.i10.1d1d5957tvpYHR">Rated power</p>\n</td>\n<td style="height: 46px; width: 472px;">\n<p>1500W</p>\n</td>\n</tr>\n<tr style="height: 46px;">\n<td style="height: 46px; width: 136px;">\n<p align="left">Input&nbsp;voltage</p>\n</td>\n<td style="height: 46px; width: 472px;">\n<p>DC12V</p>\n</td>\n</tr>\n<tr style="height: 46px;">\n<td style="height: 46px; width: 136px;">\n<p align="left">Output voltage</p>\n</td>\n<td style="height: 46px; width: 472px;">\n<p>AC110V/AC220V&nbsp; 60Hz/50Hz</p>\n</td>\n</tr>\n<tr style="height: 46px;">\n<td style="height: 46px; width: 136px;">\n<p align="left">Output waveform</p>\n</td>\n<td style="height: 46px; width: 472px;">\n<p>Modified Sine Wave</p>\n</td>\n</tr>\n<tr style="height: 46px;">\n<td style="height: 46px; width: 136px;">\n<p align="left">USB output</p>\n</td>\n<td style="height: 46px; width: 472px;">\n<p>5V/0.5A</p>\n</td>\n</tr>\n<tr style="height: 46px;">\n<td style="height: 46px; width: 136px;">\n<p align="left">Protection Function</p>\n</td>\n<td style="height: 46px; width: 472px;">\n<p>Over voltage shutdown/Low voltage shutdown/Overload protection</p>\n</td>\n</tr>\n<tr style="height: 46px;">\n<td style="height: 46px; width: 136px;">\n<p align="left">Sheathing material</p>\n</td>\n<td style="height: 46px; width: 472px;">\n<p>Aluminium Alloys</p>\n</td>\n</tr>\n<tr style="height: 46px;">\n<td style="height: 46px; width: 136px;">\n<p align="left">Size:L&times;W&times;H</p>\n</td>\n<td style="height: 46px; width: 472px;">\n<p>390&times;235&times;60 mm</p>\n</td>\n</tr>\n<tr style="height: 46px;">\n<td style="height: 46px; width: 136px;">\n<p align="left">N.W</p>\n</td>\n<td style="height: 46px; width: 472px;">\n<p data-spm-anchor-id="a2700.8304367.prilbd6e79.i3.1d1d5957tvpYHR">3.5&nbsp;Kg</p>\n</td>\n</tr>\n</tbody>\n</table>', NULL),
	(16, 'Modified Sine Wave vp500wc', '', '', 'vp500wc', 'vp500wc', 23, '', '"{\\"ps-1\\":\\"\\\\\\/data\\\\\\/20180720\\\\\\/d144c7e0a0733c5c8c2531e1e2724505.jpg\\"}"', '<p>&bull; Light: ordinary work lights,ordinary Incandescent desk lamp, spotlight, low spotlight</p>\n<p>&bull; Motor Pump: motors, air compressors</p>\n<p>&bull; Power tools: electric drill, electric saw, scroll saw, grinder, torch, circular saw, weeder, vacuum cleaner, lawnmower,</p>', '<p><strong data-spm-anchor-id="a2700.8304367.prilbd6e79.i14.1d1d5957tvpYHR">12v 220v 1500W ups with 20A charger for home and outdoor power supply&nbsp;</strong></p>\n<p>&nbsp;</p>\n<p data-spm-anchor-id="a2700.8304367.prilbd6e79.i13.1d1d5957tvpYHR">It can convert DC12V electricity provided the automobile into AC power, and be widely used with those electric equipments which power consumption are less than 180w, such as notebook, cell phone, razor, digital camera, digital video, TV, CD, DVD, game machine, electric light, charge and various kinds of professional tools, as the necessity for your travel, mobile office, outdoor work and special vehicle, it is the very solution to using electricity in the automobile.</p>\n<p>With the multiple protection circuit, it would do no harm to the equipment and automobile</p>\n<p data-spm-anchor-id="a2700.8304367.prilbd6e79.i12.1d1d5957tvpYHR">Special versatile socket, suitable for various kinds of plugs</p>\n<table class="aliDataTable" style="height: 414px;" border="1" cellspacing="0" cellpadding="0">\n<tbody>\n<tr style="height: 46px;">\n<td style="height: 46px; width: 136px;">\n<p align="left" data-spm-anchor-id="a2700.8304367.prilbd6e79.i10.1d1d5957tvpYHR">Rated power</p>\n</td>\n<td style="height: 46px; width: 472px;">\n<p>1500W</p>\n</td>\n</tr>\n<tr style="height: 46px;">\n<td style="height: 46px; width: 136px;">\n<p align="left">Input&nbsp;voltage</p>\n</td>\n<td style="height: 46px; width: 472px;">\n<p>DC12V</p>\n</td>\n</tr>\n<tr style="height: 46px;">\n<td style="height: 46px; width: 136px;">\n<p align="left">Output voltage</p>\n</td>\n<td style="height: 46px; width: 472px;">\n<p>AC110V/AC220V&nbsp; 60Hz/50Hz</p>\n</td>\n</tr>\n<tr style="height: 46px;">\n<td style="height: 46px; width: 136px;">\n<p align="left">Output waveform</p>\n</td>\n<td style="height: 46px; width: 472px;">\n<p>Modified Sine Wave</p>\n</td>\n</tr>\n<tr style="height: 46px;">\n<td style="height: 46px; width: 136px;">\n<p align="left">USB output</p>\n</td>\n<td style="height: 46px; width: 472px;">\n<p>5V/0.5A</p>\n</td>\n</tr>\n<tr style="height: 46px;">\n<td style="height: 46px; width: 136px;">\n<p align="left">Protection Function</p>\n</td>\n<td style="height: 46px; width: 472px;">\n<p>Over voltage shutdown/Low voltage shutdown/Overload protection</p>\n</td>\n</tr>\n<tr style="height: 46px;">\n<td style="height: 46px; width: 136px;">\n<p align="left">Sheathing material</p>\n</td>\n<td style="height: 46px; width: 472px;">\n<p>Aluminium Alloys</p>\n</td>\n</tr>\n<tr style="height: 46px;">\n<td style="height: 46px; width: 136px;">\n<p align="left">Size:L&times;W&times;H</p>\n</td>\n<td style="height: 46px; width: 472px;">\n<p>390&times;235&times;60 mm</p>\n</td>\n</tr>\n<tr style="height: 46px;">\n<td style="height: 46px; width: 136px;">\n<p align="left">N.W</p>\n</td>\n<td style="height: 46px; width: 472px;">\n<p data-spm-anchor-id="a2700.8304367.prilbd6e79.i3.1d1d5957tvpYHR">3.5&nbsp;Kg</p>\n</td>\n</tr>\n</tbody>\n</table>', NULL),
	(17, 'Modified Sine Wave vp300wc', '', '', 'vp300wc', 'vp300wc', 23, '', '"{\\"ps-1\\":\\"\\\\\\/data\\\\\\/20180720\\\\\\/ff541ac35ab9dbe9561f4542d09def8e.jpg\\"}"', '<p>Green LED indicates power on,Red LED indicates wrong</p>\n<p>Input &amp; output isolation Muti-protection function</p>\n<p>USB output port: 5V 500mA,Built-in Cooling Fan</p>', '<p><strong data-spm-anchor-id="a2700.8304367.prilbd6e79.i14.1d1d5957tvpYHR">12v 220v 1500W ups with 20A charger for home and outdoor power supply&nbsp;</strong></p>\n<p>&nbsp;</p>\n<p data-spm-anchor-id="a2700.8304367.prilbd6e79.i13.1d1d5957tvpYHR">It can convert DC12V electricity provided the automobile into AC power, and be widely used with those electric equipments which power consumption are less than 180w, such as notebook, cell phone, razor, digital camera, digital video, TV, CD, DVD, game machine, electric light, charge and various kinds of professional tools, as the necessity for your travel, mobile office, outdoor work and special vehicle, it is the very solution to using electricity in the automobile.</p>\n<p>With the multiple protection circuit, it would do no harm to the equipment and automobile</p>\n<p data-spm-anchor-id="a2700.8304367.prilbd6e79.i12.1d1d5957tvpYHR">Special versatile socket, suitable for various kinds of plugs</p>\n<table class="aliDataTable" style="height: 414px;" border="1" cellspacing="0" cellpadding="0">\n<tbody>\n<tr style="height: 46px;">\n<td style="height: 46px; width: 136px;">\n<p align="left" data-spm-anchor-id="a2700.8304367.prilbd6e79.i10.1d1d5957tvpYHR">Rated power</p>\n</td>\n<td style="height: 46px; width: 472px;">\n<p>1500W</p>\n</td>\n</tr>\n<tr style="height: 46px;">\n<td style="height: 46px; width: 136px;">\n<p align="left">Input&nbsp;voltage</p>\n</td>\n<td style="height: 46px; width: 472px;">\n<p>DC12V</p>\n</td>\n</tr>\n<tr style="height: 46px;">\n<td style="height: 46px; width: 136px;">\n<p align="left">Output voltage</p>\n</td>\n<td style="height: 46px; width: 472px;">\n<p>AC110V/AC220V&nbsp; 60Hz/50Hz</p>\n</td>\n</tr>\n<tr style="height: 46px;">\n<td style="height: 46px; width: 136px;">\n<p align="left">Output waveform</p>\n</td>\n<td style="height: 46px; width: 472px;">\n<p>Modified Sine Wave</p>\n</td>\n</tr>\n<tr style="height: 46px;">\n<td style="height: 46px; width: 136px;">\n<p align="left">USB output</p>\n</td>\n<td style="height: 46px; width: 472px;">\n<p>5V/0.5A</p>\n</td>\n</tr>\n<tr style="height: 46px;">\n<td style="height: 46px; width: 136px;">\n<p align="left">Protection Function</p>\n</td>\n<td style="height: 46px; width: 472px;">\n<p>Over voltage shutdown/Low voltage shutdown/Overload protection</p>\n</td>\n</tr>\n<tr style="height: 46px;">\n<td style="height: 46px; width: 136px;">\n<p align="left">Sheathing material</p>\n</td>\n<td style="height: 46px; width: 472px;">\n<p>Aluminium Alloys</p>\n</td>\n</tr>\n<tr style="height: 46px;">\n<td style="height: 46px; width: 136px;">\n<p align="left">Size:L&times;W&times;H</p>\n</td>\n<td style="height: 46px; width: 472px;">\n<p>390&times;235&times;60 mm</p>\n</td>\n</tr>\n<tr style="height: 46px;">\n<td style="height: 46px; width: 136px;">\n<p align="left">N.W</p>\n</td>\n<td style="height: 46px; width: 472px;">\n<p data-spm-anchor-id="a2700.8304367.prilbd6e79.i3.1d1d5957tvpYHR">3.5&nbsp;Kg</p>\n</td>\n</tr>\n</tbody>\n</table>', NULL),
	(20, 'DC-AC pure sine wave inverter', '', '', 'SP300W', 'SP300W', 22, '', '"{\\"ps-2\\":\\"\\\\\\/data\\\\\\/20180720\\\\\\/4afb99b7b212c5ac9631463f9a3ebbca.jpg\\"}"', '<p>&bull; Light: ordinary work lights,ordinary Incandescent desk lamp, spotlight, low spotlight</p>\n<p>&bull; Motor Pump: motors, air compressors</p>\n<p>&bull; Power tools: electric drill, electric saw, scroll saw, grinder, torch, circular saw, weeder, vacuum cleaner, lawnmower,</p>', '<p><img src="/data/20180705/4775855a1183aa425612dd5c35c267f1.png" alt="" /><img src="/data/20180705/b5145f6a673eca2ad0b8e01e6c3544a8.png" alt="" /></p>\n<p><img src="/data/20180705/bba1ae9cad24af3d2abcc2ee224bbb9f.png" alt="" /></p>\n<p><img src="/data/20180705/af4a6840af7e8cdc77bb81fa7e675fea.png" alt="" /></p>\n<p><img src="/data/20180705/36fca3601259a67acd7e33069c641660.jpg" alt="" /></p>', NULL),
	(21, 'DC-AC pure sine wave inverter', '', '', 'SP300W', 'SP300W', 22, '', '"{\\"ps-2\\":\\"\\\\\\/data\\\\\\/20180720\\\\\\/291230ddde8a098d2d01eb91eb95451a.jpg\\"}"', '<p>power inverter 220v 12v 2400w pure sine wave off grid solar inverter charger 24v UPS inverter solar inverter</p>', '<p><img src="/data/20180705/4775855a1183aa425612dd5c35c267f1.png" alt="" /><img src="/data/20180705/b5145f6a673eca2ad0b8e01e6c3544a8.png" alt="" /></p>\n<p><img src="/data/20180705/bba1ae9cad24af3d2abcc2ee224bbb9f.png" alt="" /></p>\n<p><img src="/data/20180705/af4a6840af7e8cdc77bb81fa7e675fea.png" alt="" /></p>\n<p><img src="/data/20180705/36fca3601259a67acd7e33069c641660.jpg" alt="" /></p>', NULL),
	(22, 'DC-AC pure sine wave inverter', '', '', 'SP300W', 'SP300W', 22, '', '"{\\"ps-1\\":\\"\\\\\\/data\\\\\\/20180720\\\\\\/a71bd4731e62d5d633e4504237682119.jpg\\"}"', '<p>&bull; Light: ordinary work lights,ordinary Incandescent desk lamp, spotlight, low spotlight</p>\n<p>&bull; Motor Pump: motors, air compressors</p>\n<p>&bull; Power tools: electric drill, electric saw, scroll saw, grinder, torch, circular saw, weeder, vacuum cleaner, lawnmower,</p>', '<p><img src="/data/20180705/4775855a1183aa425612dd5c35c267f1.png" alt="" /><img src="/data/20180705/b5145f6a673eca2ad0b8e01e6c3544a8.png" alt="" /></p>\n<p><img src="/data/20180705/bba1ae9cad24af3d2abcc2ee224bbb9f.png" alt="" /></p>\n<p><img src="/data/20180705/af4a6840af7e8cdc77bb81fa7e675fea.png" alt="" /></p>\n<p><img src="/data/20180705/36fca3601259a67acd7e33069c641660.jpg" alt="" /></p>', NULL),
	(23, 'DC-AC pure sine wave inverter', '', '', 'SP300W', 'SP300W', 22, '', '"{\\"ps-1.jpg\\":\\"\\\\\\/data\\\\\\/20180720\\\\\\/f8efb3ae6b782bbd218abf3271f4f58e.jpg\\"}"', '<p>power inverter 220v 12v 2400w pure sine wave off grid solar inverter charger 24v UPS inverter solar inverter Available for general use of electrical appliances(laptop, mobile phone charging,digital product,small power of household appliances etc.)</p>', '<p><img src="/data/20180705/4775855a1183aa425612dd5c35c267f1.png" alt="" /><img src="/data/20180705/b5145f6a673eca2ad0b8e01e6c3544a8.png" alt="" /></p>\n<p><img src="/data/20180705/bba1ae9cad24af3d2abcc2ee224bbb9f.png" alt="" /></p>\n<p><img src="/data/20180705/af4a6840af7e8cdc77bb81fa7e675fea.png" alt="" /></p>\n<p><img src="/data/20180705/36fca3601259a67acd7e33069c641660.jpg" alt="" /></p>', NULL),
	(24, 'DC-AC pure sine wave inverter', '', '', 'SP300W', 'SP300W', 22, '', '"{\\"ps-2\\":\\"\\\\\\/data\\\\\\/20180720\\\\\\/948b371a05aeed73800831d2878e10f0.jpg\\"}"', '<p>&bull; Light: ordinary work lights,ordinary Incandescent desk lamp, spotlight, low spotlight</p>\n<p>&bull; Motor Pump: motors, air compressors</p>\n<p>&bull; Power tools: electric drill, electric saw, scroll saw, grinder, torch, circular saw, weeder, vacuum cleaner, lawnmower,</p>', '<p><img src="/data/20180705/4775855a1183aa425612dd5c35c267f1.png" alt="" /><img src="/data/20180705/b5145f6a673eca2ad0b8e01e6c3544a8.png" alt="" /></p>\n<p><img src="/data/20180705/bba1ae9cad24af3d2abcc2ee224bbb9f.png" alt="" /></p>\n<p><img src="/data/20180705/af4a6840af7e8cdc77bb81fa7e675fea.png" alt="" /></p>\n<p><img src="/data/20180705/36fca3601259a67acd7e33069c641660.jpg" alt="" /></p>', NULL);
/*!40000 ALTER TABLE `qiyun_product` ENABLE KEYS */;

-- 导出  表 qiyun_cms.qiyun_role 结构
DROP TABLE IF EXISTS `qiyun_role`;
CREATE TABLE IF NOT EXISTS `qiyun_role` (
  `id` int(11) NOT NULL AUTO_INCREMENT,
  `name` varchar(50) COLLATE utf8mb4_unicode_ci DEFAULT NULL,
  `cname` varchar(50) COLLATE utf8mb4_unicode_ci DEFAULT NULL,
  PRIMARY KEY (`id`)
) ENGINE=InnoDB DEFAULT CHARSET=utf8mb4 COLLATE=utf8mb4_unicode_ci;

-- 正在导出表  qiyun_cms.qiyun_role 的数据：~0 rows (大约)
DELETE FROM `qiyun_role`;
/*!40000 ALTER TABLE `qiyun_role` DISABLE KEYS */;
/*!40000 ALTER TABLE `qiyun_role` ENABLE KEYS */;

-- 导出  表 qiyun_cms.qiyun_role_access 结构
DROP TABLE IF EXISTS `qiyun_role_access`;
CREATE TABLE IF NOT EXISTS `qiyun_role_access` (
  `id` int(11) NOT NULL AUTO_INCREMENT,
  `name` varchar(200) COLLATE utf8mb4_unicode_ci DEFAULT NULL,
  PRIMARY KEY (`id`)
) ENGINE=InnoDB DEFAULT CHARSET=utf8mb4 COLLATE=utf8mb4_unicode_ci;

-- 正在导出表  qiyun_cms.qiyun_role_access 的数据：~0 rows (大约)
DELETE FROM `qiyun_role_access`;
/*!40000 ALTER TABLE `qiyun_role_access` DISABLE KEYS */;
/*!40000 ALTER TABLE `qiyun_role_access` ENABLE KEYS */;

-- 导出  表 qiyun_cms.qiyun_role_mid_access 结构
DROP TABLE IF EXISTS `qiyun_role_mid_access`;
CREATE TABLE IF NOT EXISTS `qiyun_role_mid_access` (
  `role_id` int(11) NOT NULL,
  `access_id` int(11) NOT NULL,
  PRIMARY KEY (`role_id`,`access_id`),
  KEY `FK_qiyun_role_mid_access_qiyun_role_access` (`access_id`),
  CONSTRAINT `FK_qiyun_role_mid_access_qiyun_role` FOREIGN KEY (`role_id`) REFERENCES `qiyun_role` (`id`),
  CONSTRAINT `FK_qiyun_role_mid_access_qiyun_role_access` FOREIGN KEY (`access_id`) REFERENCES `qiyun_role_access` (`id`)
) ENGINE=InnoDB DEFAULT CHARSET=utf8mb4 COLLATE=utf8mb4_unicode_ci;

-- 正在导出表  qiyun_cms.qiyun_role_mid_access 的数据：~0 rows (大约)
DELETE FROM `qiyun_role_mid_access`;
/*!40000 ALTER TABLE `qiyun_role_mid_access` DISABLE KEYS */;
/*!40000 ALTER TABLE `qiyun_role_mid_access` ENABLE KEYS */;

-- 导出  表 qiyun_cms.qiyun_role_user 结构
DROP TABLE IF EXISTS `qiyun_role_user`;
CREATE TABLE IF NOT EXISTS `qiyun_role_user` (
  `role_id` int(11) NOT NULL,
  `user_id` int(11) NOT NULL,
  PRIMARY KEY (`role_id`,`user_id`),
  KEY `FK__qiyun_user` (`user_id`),
  CONSTRAINT `FK__qiyun_role` FOREIGN KEY (`role_id`) REFERENCES `qiyun_role` (`id`) ON DELETE NO ACTION ON UPDATE NO ACTION,
  CONSTRAINT `FK__qiyun_user` FOREIGN KEY (`user_id`) REFERENCES `qiyun_user` (`id`) ON DELETE CASCADE ON UPDATE CASCADE
) ENGINE=InnoDB DEFAULT CHARSET=utf8mb4 COLLATE=utf8mb4_unicode_ci;

-- 正在导出表  qiyun_cms.qiyun_role_user 的数据：~0 rows (大约)
DELETE FROM `qiyun_role_user`;
/*!40000 ALTER TABLE `qiyun_role_user` DISABLE KEYS */;
/*!40000 ALTER TABLE `qiyun_role_user` ENABLE KEYS */;

-- 导出  表 qiyun_cms.qiyun_site 结构
DROP TABLE IF EXISTS `qiyun_site`;
CREATE TABLE IF NOT EXISTS `qiyun_site` (
  `id` int(11) NOT NULL AUTO_INCREMENT,
  `name` varchar(50) COLLATE utf8mb4_unicode_ci DEFAULT NULL,
  `cname` varchar(50) COLLATE utf8mb4_unicode_ci NOT NULL,
  `content` varchar(50) COLLATE utf8mb4_unicode_ci NOT NULL,
  PRIMARY KEY (`id`),
  UNIQUE KEY `name` (`name`)
) ENGINE=InnoDB AUTO_INCREMENT=15 DEFAULT CHARSET=utf8mb4 COLLATE=utf8mb4_unicode_ci;

-- 正在导出表  qiyun_cms.qiyun_site 的数据：~4 rows (大约)
DELETE FROM `qiyun_site`;
/*!40000 ALTER TABLE `qiyun_site` DISABLE KEYS */;
INSERT INTO `qiyun_site` (`id`, `name`, `cname`, `content`) VALUES
	(1, 'webhost', '站点地址', 'cms.io'),
	(2, 'phone', '手机号', '180000000'),
	(3, 'tel', '电话', '+86 0371 67676756'),
	(14, 'mail', '邮箱', 'admin@fullsolar.com');
/*!40000 ALTER TABLE `qiyun_site` ENABLE KEYS */;

-- 导出  表 qiyun_cms.qiyun_task 结构
DROP TABLE IF EXISTS `qiyun_task`;
CREATE TABLE IF NOT EXISTS `qiyun_task` (
  `id` int(11) NOT NULL AUTO_INCREMENT,
  `command` varchar(200) COLLATE utf8mb4_unicode_ci NOT NULL,
  `description` varchar(200) COLLATE utf8mb4_unicode_ci NOT NULL,
  PRIMARY KEY (`id`)
) ENGINE=InnoDB AUTO_INCREMENT=2 DEFAULT CHARSET=utf8mb4 COLLATE=utf8mb4_unicode_ci;

-- 正在导出表  qiyun_cms.qiyun_task 的数据：~0 rows (大约)
DELETE FROM `qiyun_task`;
/*!40000 ALTER TABLE `qiyun_task` DISABLE KEYS */;
INSERT INTO `qiyun_task` (`id`, `command`, `description`) VALUES
	(1, 'collect', '采集');
/*!40000 ALTER TABLE `qiyun_task` ENABLE KEYS */;

-- 导出  表 qiyun_cms.qiyun_task_collect 结构
DROP TABLE IF EXISTS `qiyun_task_collect`;
CREATE TABLE IF NOT EXISTS `qiyun_task_collect` (
  `id` int(11) NOT NULL AUTO_INCREMENT,
  `category_id` int(11) NOT NULL,
  `name` varchar(200) COLLATE utf8mb4_unicode_ci NOT NULL,
  `link` varchar(200) COLLATE utf8mb4_unicode_ci NOT NULL COMMENT '列表页链接',
  `xpath_list` varchar(200) COLLATE utf8mb4_unicode_ci NOT NULL COMMENT '列表页规则',
  `xpath_title` varchar(200) COLLATE utf8mb4_unicode_ci DEFAULT NULL COMMENT '捕获标题规则',
  `replace_title` varchar(100) COLLATE utf8mb4_unicode_ci DEFAULT NULL COMMENT '标题替换规则',
  `xpath_major` varchar(200) COLLATE utf8mb4_unicode_ci DEFAULT NULL COMMENT '正文主要块规则',
  `replace_major` varchar(100) COLLATE utf8mb4_unicode_ci DEFAULT NULL COMMENT '正文主要块替换规则',
  `xpath_minor` varchar(200) COLLATE utf8mb4_unicode_ci DEFAULT NULL COMMENT '正文次要块规则',
  `replace_minor` varchar(100) COLLATE utf8mb4_unicode_ci DEFAULT NULL COMMENT '正文次要块替换规则',
  `replace_string` varchar(200) COLLATE utf8mb4_unicode_ci DEFAULT NULL,
  PRIMARY KEY (`id`),
  KEY `FK_qiyun_task_collect_qiyun_category` (`category_id`),
  CONSTRAINT `FK_qiyun_task_collect_qiyun_category` FOREIGN KEY (`category_id`) REFERENCES `qiyun_category` (`id`) ON DELETE NO ACTION ON UPDATE NO ACTION
) ENGINE=InnoDB AUTO_INCREMENT=7 DEFAULT CHARSET=utf8mb4 COLLATE=utf8mb4_unicode_ci;

-- 正在导出表  qiyun_cms.qiyun_task_collect 的数据：~2 rows (大约)
DELETE FROM `qiyun_task_collect`;
/*!40000 ALTER TABLE `qiyun_task_collect` DISABLE KEYS */;
INSERT INTO `qiyun_task_collect` (`id`, `category_id`, `name`, `link`, `xpath_list`, `xpath_title`, `replace_title`, `xpath_major`, `replace_major`, `xpath_minor`, `replace_minor`, `replace_string`) VALUES
	(5, 12, '北极星-光伏政策', 'http://guangfu.bjx.com.cn/NewsList.aspx?typeid=100', '//div[@class="list_left"][1]/ul', '//title', '[- 北极星太阳能光伏网|]', '//div[@id="content"]', 'a', '', '', ''),
	(6, 12, '北极星-光伏逆变器最新要闻', 'http://guangfu.bjx.com.cn/nbq/', '//div[@class="ywlist"][1]/ul[1]', '//title', '[- 北极星太阳能光伏网|]', '//*[@id="content"]', 'a', '', '', '');
/*!40000 ALTER TABLE `qiyun_task_collect` ENABLE KEYS */;

-- 导出  表 qiyun_cms.qiyun_user 结构
DROP TABLE IF EXISTS `qiyun_user`;
CREATE TABLE IF NOT EXISTS `qiyun_user` (
  `id` int(11) NOT NULL AUTO_INCREMENT,
  `name` varchar(50) COLLATE utf8mb4_unicode_ci DEFAULT NULL,
  `cname` varchar(50) COLLATE utf8mb4_unicode_ci DEFAULT NULL,
  `password` varchar(50) COLLATE utf8mb4_unicode_ci DEFAULT NULL,
  PRIMARY KEY (`id`),
  UNIQUE KEY `name` (`name`)
) ENGINE=InnoDB AUTO_INCREMENT=3 DEFAULT CHARSET=utf8mb4 COLLATE=utf8mb4_unicode_ci;

-- 正在导出表  qiyun_cms.qiyun_user 的数据：~0 rows (大约)
DELETE FROM `qiyun_user`;
/*!40000 ALTER TABLE `qiyun_user` DISABLE KEYS */;
INSERT INTO `qiyun_user` (`id`, `name`, `cname`, `password`) VALUES
	(1, 'admin', NULL, '0b0b7159f2ba5a8391ba89fc1fdbc69c');
/*!40000 ALTER TABLE `qiyun_user` ENABLE KEYS */;

/*!40101 SET SQL_MODE=IFNULL(@OLD_SQL_MODE, '') */;
/*!40014 SET FOREIGN_KEY_CHECKS=IF(@OLD_FOREIGN_KEY_CHECKS IS NULL, 1, @OLD_FOREIGN_KEY_CHECKS) */;
/*!40101 SET CHARACTER_SET_CLIENT=@OLD_CHARACTER_SET_CLIENT */;
